{"file_hashes":[{"block_hashes":["CtNjk68bVcqveqFyuPTCWvCtdWg1L1xCUA7hablxpKE="],"block_size":4096,"path":"_locales/al.json"},{"block_hashes":["sKWHw0vPn4TOZKceNIRUt2QrFFlWnE8BihzwIX5NFNM="],"block_size":4096,"path":"_locales/al/messages.json"},{"block_hashes":["wFlI1B5ybzYz2NrKbLkg2apQ/rMX8hxlK7YF3F47MUM="],"block_size":4096,"path":"_locales/am.json"},{"block_hashes":["o1ho6oBiu+UI/EZe+em6sIAB2Fu7OmSVJ80KkAgJpoc="],"block_size":4096,"path":"_locales/ar.json"},{"block_hashes":["Q+j7n0K/5Bx4+lf89RYAVEk4COdPJWduQQMgFKnOWgw="],"block_size":4096,"path":"_locales/base.json"},{"block_hashes":["fwBQ/NaphnwOXLFycm3qZvo/5kHB+e5MyBXJqNK9GZY="],"block_size":4096,"path":"_locales/base/messages.json"},{"block_hashes":["GDkp0wrR5LAFb/NDVZTmkDWzY8qxFa/3okuvyeIvqDI="],"block_size":4096,"path":"_locales/bg.json"},{"block_hashes":["o6bajzN3Bv0fm9/3xliaGtkcnh3KuVutRjlNLuoXDx0="],"block_size":4096,"path":"_locales/bn.json"},{"block_hashes":["nwjZSOhq33lE68+eHGUFBIke5rSk5roOJbVs4BJne5Q="],"block_size":4096,"path":"_locales/ca.json"},{"block_hashes":["CosHwHP94JQtNx2ezoFz9abFOf1EW4FEzzQjlX0MhvM="],"block_size":4096,"path":"_locales/cs.json"},{"block_hashes":["Dg3fM8+eBQvEuT6cCuq/iZybRDtW11EFn5cj6cZuroU="],"block_size":4096,"path":"_locales/da.json"},{"block_hashes":["97qRoE3P19Zf/15Dud5KBWSpbqsqOPpM7EEuONYHPF4="],"block_size":4096,"path":"_locales/de.json"},{"block_hashes":["2HNtz0kOiGBfx8Wk6TQsIObVC4hJv1gUArhtWvocK7I="],"block_size":4096,"path":"_locales/el.json"},{"block_hashes":["CpUwTCTH7YKRtrUYjBD6eUiXwvslSLk5PPny1TIXc+E="],"block_size":4096,"path":"_locales/en.json"},{"block_hashes":["r7Tk70KXBcnBCDCOag6hVBkSvM75Yiil2lzc1HndP7c="],"block_size":4096,"path":"_locales/es.json"},{"block_hashes":["kbbLEzH3wsrXkiAOpHzdMM4OJIwqv9Pt6ooObVZLnaY="],"block_size":4096,"path":"_locales/et.json"},{"block_hashes":["y2tviS3Eap1xrY/AfB7lcfZ3pZIKZW9RQx4uGGflzZY="],"block_size":4096,"path":"_locales/fa.json"},{"block_hashes":["zPzINfVl6Jl1k7KX7gS9HsY9rrnUkIPUPqvxwA4S+2I="],"block_size":4096,"path":"_locales/fi.json"},{"block_hashes":["bN/jKqYKrvVAPosGih4hemFUR2EArxhjnscL5cLdfI4="],"block_size":4096,"path":"_locales/fil.json"},{"block_hashes":["nvJWT18Xw7ZeYLtbgVVN5nqJe8jcX15pCA4xZ5chaqk="],"block_size":4096,"path":"_locales/fr.json"},{"block_hashes":["LIXJ7A/sNcJj/NSmQ/A/bDqkNiytAD3QDvSF3mrMs1c="],"block_size":4096,"path":"_locales/gu.json"},{"block_hashes":["8lBQJD+NFPEifyG+bh57mfzTcfco6GEp1owHHeO9bf0="],"block_size":4096,"path":"_locales/he.json"},{"block_hashes":["ZyMHy/+A3KALZYJPK11c5CLtewzM3iIGJ3cAN5z/lF8="],"block_size":4096,"path":"_locales/hi.json"},{"block_hashes":["OCnsmxXOUc/xQbAK5+OcbEDV7tdTsyMtcv/qhT/BAHo="],"block_size":4096,"path":"_locales/hr.json"},{"block_hashes":["UM1sIF5PNuq10wnmEjIK2iYGb1vDFzVAipK1HA5trCc="],"block_size":4096,"path":"_locales/hu.json"},{"block_hashes":["WabGzs5ZtkJGZFNL6Pc4FqpkNA1jMz4R2FJ92oXd/Qc="],"block_size":4096,"path":"_locales/id.json"},{"block_hashes":["dGErRZiAhFJBB4/1as6tnn9KGVaS7aHkgf3X5J/3vUc="],"block_size":4096,"path":"_locales/it.json"},{"block_hashes":["OIhUWu5RzEW8YJn9QKC6T0al7/E6T7UVOQRxyNUZX6U="],"block_size":4096,"path":"_locales/ja.json"},{"block_hashes":["XWKDQQwEvhM8wAVECWw/DWBlBcC9t+QGC2qd01lmCs4="],"block_size":4096,"path":"_locales/kn.json"},{"block_hashes":["VGTmBI/myc+4WKuHYRYOlBw/4Xci6ooA5K3COi/A2pg="],"block_size":4096,"path":"_locales/ko.json"},{"block_hashes":["aRsYUEGPQOhEUkv22jauKr1UxWIyPKDhXaHlk5McJMs="],"block_size":4096,"path":"_locales/lt.json"},{"block_hashes":["UO9MbtCIdB5ofD8CpywpL11aHmNOV3ohXD9qcCVz9WE="],"block_size":4096,"path":"_locales/lv.json"},{"block_hashes":["m/KmXzwOYREj8EbLCDigILlX5Lafgc3fIEVSWJPJHz8="],"block_size":4096,"path":"_locales/ml.json"},{"block_hashes":["jIWqHFs9vo1lp6ix+Pe7xpyED7I6jVcKs0rg2lEr5C0="],"block_size":4096,"path":"_locales/mr.json"},{"block_hashes":["/O57fGCfh3yJULefdZihpSoFhpZHi+dY6JMTNRUV+vo="],"block_size":4096,"path":"_locales/ms.json"},{"block_hashes":["pZsPxbl8YXJ8QrVvh1c/7LXr68VikG0f76ZA8kDe03U="],"block_size":4096,"path":"_locales/nl.json"},{"block_hashes":["/72Ijofl0US9gxPh/xSr96UCn+0UYRzVKMly91ZHw08="],"block_size":4096,"path":"_locales/no.json"},{"block_hashes":["i3s5YNi930QZ6F5WCEYX2OeIFX4pQL98/fq0xnwxfY8="],"block_size":4096,"path":"_locales/pl.json"},{"block_hashes":["85liWvwt0pTrG0ftfLtOm4+D3uxJuIoYGlZOHMZro84="],"block_size":4096,"path":"_locales/pt.json"},{"block_hashes":["LQ1wTrewC5WexTn448wwdNF7Leqk10k+46qElDs+To8="],"block_size":4096,"path":"_locales/ro.json"},{"block_hashes":["cGbSB/cZjlMhVs/U5ATviLwoeVTWqsFhwg4JrjTjCtA="],"block_size":4096,"path":"_locales/ru.json"},{"block_hashes":["oA81CAz/Qu9OWdsvn8B9y9cEiO1WW2DPwO/V8TEyAvs="],"block_size":4096,"path":"_locales/sk.json"},{"block_hashes":["OL1ll141O/hhSOIQY28cNtkhfgBuH3WqdsMQVzf1JLQ="],"block_size":4096,"path":"_locales/sl.json"},{"block_hashes":["pm+YFbc+dlx2Ykm9bWPZqeBzVnY1PwkHK3XQfte3XP8="],"block_size":4096,"path":"_locales/sr.json"},{"block_hashes":["ykXQqODQqZSA+jmy9PfC5VkRcMMwDWlS8NCQAa8Y7CU="],"block_size":4096,"path":"_locales/sv.json"},{"block_hashes":["P1CfEkIbx9QLbK/zHzcmNSM8HXDIAl/PnoYU2BL5sZo="],"block_size":4096,"path":"_locales/sw.json"},{"block_hashes":["9kmvNaQyw7646rla6TVkSnhaw2/4RpKhoyeFNvLRS7w="],"block_size":4096,"path":"_locales/ta.json"},{"block_hashes":["+7WPl6AyJe40k5hr67ju1oY66eHu7xVKoftMjN23cnY="],"block_size":4096,"path":"_locales/te.json"},{"block_hashes":["67IlYgnIEX2tpaSow23o+kpSH+HQOfB1m4L8IuzIXR4="],"block_size":4096,"path":"_locales/th.json"},{"block_hashes":["6n7VITZry2qP/V7uYw5EZ94ObzPJ9ZhieGsfiqqODoM="],"block_size":4096,"path":"_locales/tr.json"},{"block_hashes":["xrDcmhscp2tbaL6ImYwaoU0m1XJkuuX2t/f23rUhq2s="],"block_size":4096,"path":"_locales/uk.json"},{"block_hashes":["RtB+f4yrU0eQYLjl2ocdpWRGqxygCYvhxaZbuSVJEVw="],"block_size":4096,"path":"_locales/vi.json"},{"block_hashes":["kr1zZ6F00/qRMlsBH77nSRb8g0xmViOEALFS5N/rTq4="],"block_size":4096,"path":"_locales/zh_CN.json"},{"block_hashes":["DBC+BQZ+0iALrTPgfag/8xOwd1/XUbTlRQWZi49Dwr8="],"block_size":4096,"path":"_locales/zh_TW.json"},{"block_hashes":["bNRdaqRp2uNeAe6dp0+vmVk9aCeuwg1BbhEnfHreiWs="],"block_size":4096,"path":"background.js"},{"block_hashes":["mWBd0Ny71nChVfaIFmpaW/7wEgP9v9bEkrKrBzXPB5Y=","ysP0TXB+vdtk2zGhmBB7faYALQP+PFwYnxa/6ETqyMk="],"block_size":4096,"path":"favicon.ico"},{"block_hashes":["Ai426cMrZjbXszSRTHbGg2nztdwH54/CuJsY0F0yEgU="],"block_size":4096,"path":"index.html"},{"block_hashes":["htsqLIAjeilxT8NxIveH9WFw/FlS/ct45fk5ghoGbqw="],"block_size":4096,"path":"static/js/1.d8cd4fa2.chunk.js"},{"block_hashes":["92nNz887M2CiwjCxRj8wMdjcXbkovO/iiB+/hQdWAv8=","BvLrZH2Yq4+AYpNKq0iCveWz5PcVULkdzp8bG+xk24w=","jWKQo7CGccyKe8/MSH5dwxmNtwYS1Hc40pGDK+ka2pk=","SHHoXT75VGQGW5t4P15uXiv+H8hGIp2Hybly2dAD/eE=","Qxdv7np4IlthSNsNBLqUFEPzltpZJdE6pkfxl7iM1E8=","RS79oERHA72Ag8X3w5NcCBcgUjx+DM0kPY9N2zQNrAM=","qnUYJmcEerLSGFdiZaECyVnqQ2co6u/i/uPKtbkGKkE=","ZKVNmi6fJgBJ3xz2WIw2xRaTMVkWr8xwMm74U+a93+E=","XekGUq3W6JRsSRBNs73uX9KtDf2/Qsd/ICsUY03rhjE=","WHA3AdA+tntLC90n8Co4HzIMM18cygnxczq3AC7z3yM=","wd80bDpNJVPr4YouGcX5BqSCwqZ66r1v7eATHXAR1Ss=","s3DUkP2fbaPdpcKm/bPBppEwoKFwhOIBhrwZPB6jzzI=","h1EYQVcVUW9bgnzO2Kfmvvl0Di7LDrqCBH5fkyoV8bU=","91adXg6RwsWQqi7C9Wq2CtekZ+o/uw7fIOMfBcjQDhY=","oDBvaOLvXz/9vnjvfP91Grz82r9ypHqXhwoCazb3+bQ=","8aWE6Azc3vLcQzR4/VeAmg2bBbmb0LPqYgOzYXWF1cw=","8AhOkxyruot+paPGiXowH/p7yZCfwZs7wIYKVFozE3g=","5EOT15vOcFMQBIQao3fdz7i1cewrkuRHLgL3pvG+/N4=","YpGJ/m8qUVpKg7QgrYFe2bxh8KBJRqifsAHEcHutbWo=","mI4c33/tP3zHFAoq2VeXH9cBpm293PV4g4x+pE1EzJg=","G8NrMwIGBdkp7V5TAETks6GdllBOHnnbML4YOtf2Pi8=","4lJtISwychFt75AehgJ+n0AEJM4d+EgGfIm8bhW0Cng=","/PFEauc9KAjqKL/Adate2Y3Ho3y2lwtzTmyCT9GCtwI=","RelIpTMR1O1n/ZUblxjjMAbi4a3g0G2fzU66nZxQv9I=","Bl3qhC2rLXxHYmzOxN8/hIcTYOe8l0nezjXwvpal9y8=","f04STBkMH54yfyjkugABc3UG8r2GIRGM+HvEqniNFPI=","NUMczjMROvwsXta80lGh9qMU/vCunqnTiyQwzaEQCEA=","7SI8TD8SmbQwuv1LJ0BFEusJRL0c0jAEL+r8l358gDE=","0s58k+hXK8o9D10j75j6xuDUzPPfpfMl/fn16ORcZOo=","TNqe9jUANPopsjirJEnWXudOpZ8BG2PBCX8G5q1pv4M=","0SS41J4/0KroPfNZ4NwumRe8t1ZgacOlrYfRUwXH7ug=","gPWIOKd8DttTsWw8F1KU/oRVdZs75kJyhp4OeetOC8M=","HnoZKwxOZl1DHI+GCtvaGX4q8B5+vwFjlDcX1fpiFM0=","kZOhD8uWnGMcgJ1bX9jFOTAU1sgXEVRv9K4GQeJvl1A=","Qpol32qtM2wiZiC+IKgj3SEqTF48tKvCi9U8s5vLg+g=","WGbfoLnq1Y0/0wN2lGzFTraSsknVH8vVX5s+lozuhl0=","VGgTMjwOiDzhZAs5zCC8KtvzVjiDdN8RgtVvX+2vBfQ=","l/GwwujIj2hsAOgEtHIXVo/F6mCC1oZNNE6aH4Ikn5I=","tgabc+fL0RZSq/JX/LLFvwtcCALDKjrCRfJLxl0MSIA=","aGOvG7X8o3Pg1aIV2XlQvNBzWEQKc+E9lJTSWOcAtVg=","hhtfF5pjwqfSA8w7BBXSy6nTB4EtNn2l6pz4ZyKEhEg=","Kf0kV6tmykjwgmpvVdfCNcVQGHZFQ7eM8cv/Ws5MrRs=","2NvaaF1i1vTGA374PXN8ObF9DrBpKW8Gjk7G4Zjmzqk=","2F5cnsk3fgYcQ8E7MQcDkYlRSSQ4TzHHGfXEQVPcfeM=","+mz64L5U/0D2wG7b5mp9ckKnaJ65R32nHHbgkASnGYI=","qov7lmRsiD7Ey4uF9JGGwMgY5qTsRGw1NSD2DX/r8HM=","MXeBRGvZYkijmtY7/e0PTTBkCWn1GTS5FGR5KxCpPgU=","wZ4pyNdRDOGYbJus59sxhr+Gdxd2is35uAUgxZR36D8=","+M3iw/waDGO4To3ONWBRpq/W7BJClhbsgEFFeAHkyhM=","ZcujvrsnUShhW2AJ2OmkZIhnBeZOYLvX4OQmU1X5hD8=","/f+UeGgezDBp2TlXG0eWsEM7qt+JEXV80fhHkCjeM4Q=","mrDapkdVqk2OAR7lZTbsQx0LFJhzLP1jxyW1dfzPn4I=","EK23kjFs8HLUvWCcDY5NAmnHYGtB12xJVVZpcmuNM2I=","RxrYNySBrHgWLkZr8b2hS2CNvvirPrmGdf7xCZqP1QU=","zdWD7rF3cJXAS9sQ4KMIYwK6m5/LK2yl4w6KsE6E5fU=","EfUsejNQq3qjFMehkQjImDcaa0rLg3tzD6HboqF75SU=","JfHU29gxi1YGbfpyJi+JvABZ9ybvKohxYP4SdDVv3Vg=","4EIxGV5pSA/CQU41WnmAh6fb7qDnl3vc5tKvpeNVBtI=","1GnPjAEfevX4pqKCmO0Ez9BZMSRQdEXB5VMEkOiYX0A=","ZL3i1KaRWJLTT8K7kclRmGjBfTbJ038exNbkDM3EXpo=","pHHvbxpYjOF+0QMfUxafhwe1Hwe9FU2OMSaxi8BB0/g=","mwW9HSXmR5XOBMiZZg+m1jV1GpKC+5zacozSQ0BPj14=","zOY1UUgSLmBdmhJSIy6g0LET0qtixBnSMRACljr40To=","VKDnb8yTfNAEMaJ6I6e2s+EFeQtMkKCwmaOnteI3Y+M=","lPqweza0K80/LLcSlWihW6yKr6ZGnd5vo/YXODFY5vU=","AzgNLxtQ2IMseiMujj8NY6j20Nv55uxn3nZk3A13RBQ=","NkNOvaYOM+EPOmufWX/EkEH0uU7W16zjPmXBqp6AH7w=","ggn9/fwg1u0Gp3oyJq3QElf6DBP4hSZcp8pH2FZEft4=","6tMbPcIrcEaj8fEgeR0iQevMHdE0cIOwbKtKKvn0msA=","I4EkrISOpO+muYwgskf1EPybzbLTfmcIAvGjWM7cnu4=","tczVacUSwCi7elUKsX7Z4ih8zLl9RRD+m2QVBVuYI4k=","3pYgn3/88weWWVfVumAUg2lIMxRgheLx88wW5R2Bq4k=","jABTp970y3J02SLHAPMBNkqlCy198BFaYpqA9d3RfAI=","+B6vRf8EPL6xtFAe3Ciecisg5/sKGOw9U2ZQzKlYm7E=","BTCkSkh6Af+Xr05W1jXqbFtzFtNw7fwR/2sn2Ek2V8U=","Yswq9TAaUJsv8QteSAhdQPQf3vzhFyWznf+VUpoBFtk=","3Rwn2zNRKOwsiwfwJ5YqunmmnyEW9JMcu0GS6+GAJfo=","F27VbwG6w2iX2WaTwtX6bfLgAz4/tSWLkCvfvRNinBQ=","x19EhBFU7JUoq6o26w5QrTeq9+ow0kGYotZX0EM4l3A=","CDtp/Dc2jbgvvsR4cyVszytTlMPcl9uAiopGeEyjdXg=","qA8p5NsuwpXiEIqts7wQ+3YDNa2GMCTcuFPpB65/bvM=","XZZgR62c9nJaMOmgiOVCr0GuebjVgmdPuUGlfs6av+I=","x0DnQ4nVi6sBuj1+1/XBiwNeYK+89PJ6jtdDjwu4VBQ=","4PDLNirXA9pcDUGaTKboxPAhRPHNDtN5ClpXLlJqHag=","cUzU17MmJ/wY8rCw1pa6ixYFaybp9Qbu7Ln8FO+qCSs=","RveDD+4vAs7sD/D6u5RsjMhD2mGfzFZ6J0ggT1OTIOw=","sIxHkW6/u4gCFhjFwf8hxXxm+km9yK/v578ldHvJGjA=","S1ZxDNL5UrkGNFoseIQ9/2zJ5vTqZAyM3DO6n6HGBCU=","QAkk5U8o/ItKGzOrzAiQ4PtrTBcIU+CTAaDcLt6nJg8=","3uzKr6P1nCqstgAvsGUMIZumHELYqJUZ5xkO9nb5uew=","9/OupNrAjgCNN5tjJOt4RTbGYwBwWYqbrSImt/q4BU0=","g4xtJB8xccAC2hghokRXMmb4tXCQwF8BBUba30jrYzg=","d6L8LMtcfBtqKkeaMZW5xoHrEPwvIpyLH89Bxj84yhc=","YBZ1Uo097T+6Aj6Xt6geyk8/enJAcvjZFsxvHIzfWjI=","CPRHmCeE2wIpMfTdonsRLAxKFw8BppzXFabVT3UBzeo=","ou+7BS2nBZ3rOdsi+V+/TWsTSaU6Fy+flwh+0DGMNrM=","A+W4adEy+cdZXMq71OqxjJ4+GFYDbOTMGLuJu38PZIs=","kle5oKJHoUlN5TqJP+syYYzn9Ltc3HiUgz0tWFWdK1U=","65HKVsJnzt5AxRjsUsJhLhb6V+uGmCE5LMlGgG9hA18=","7YoZdhmz8hvtoT0j2Q6acd23rNwIf/259u+lVYHKxgw=","PFLbIgUKaXDI4DEpMtJbyQRlYsOj6PAm0x8nY+Xa+6w=","oLa7K6CPahxadNNqyUZqlk7LKgrGGuFc+HWNu0iO9hc=","kNdpjh3QxGLm5Tf/N5qa764X2UZRvkm+DRE/fiED2cs=","8yFBZdC8oWiAKv5+FWZm4fhX7ya/XmOymIgZS7Fdz5k=","b3a2ODoYZt++ydwOkeA8c5rm7T4rfr+Kw3ZXs66Q60s=","/PRvWmBEfzwAh6V+IOQWL2fsDJbcGOISFk6OulHoNEw=","c57r/4ATg5BqZGzZyTQ/3nI3mfCWVIf5pspj2Atg30s=","e8eioONWCV8y8VTd4E7pJ+rr1pwS7xMWXTjRAOLl72w=","1VkQz5P0whxMevf2X1Q2ognV4yEEldXeMZaqyvSrCzE=","gUC2RwRRHSnjLv4Qph4RRPa0RoE7EuNRCvO/WNSNrvI=","0LHSUmXeGEpDt4IexFMtO9oGaaO/DiyL0MGMvw5CQyE=","FbQ1fWKpaJD1GrG8eeGyZIqHyOc+lawv40MFcj9eang=","rscFAqOVQiKDqR8naEop5VJ1e0Z4VlwljmFDe2rzai8=","x9z1GMTxmoHBDtLRTykqSpWSyE1oIM+3zKA7I4qfLH4=","KM6EkcslB9amO6jIvZD1Hs6ZNK8TjCxMnJasnfZ4Y50=","f+pv47uudbgrid+8XE3uDD5MNmRncyotUmi8ueJ15LU=","urgg3D/op9eyMvJGuTFFv+VAldzhu0xfVu2RNPk8TiI=","QBv3CNrWkco8pakSJ4wDTcebsLGN1r2Bpl8yHsUXLXI=","oq4mZiLq/W1PNdFaOMIsIT2wB5euZGl3Sj3hY4UpTlE=","+4k95bEnGpegu9yAAdWzQ7k5D5uS71F0Fd8ZCxrv674=","1nbLSp8OMTcwPpnVONsDDLjLazFYuZytCAdEw1Y+crY=","33NBSCVgjsppGNRkjeZG0Vtvd2dgRVIZuc/zJ/T8YXg=","c5uUt4DS1/hS7lIyNyEHb1cqb3JLueT2sWHz1h/1jlg=","qbIlQJfUKAMMlI0SGTC++a+SJZr1kqf6/oQbQbSIwm8="],"block_size":4096,"path":"static/js/main.c502a7e6.js"},{"block_hashes":["zc22KYUvu672hwjkf3MWhgpJq9fQSF6OPtj1WFdkxh4="],"block_size":4096,"path":"static/js/main.c502a7e6.js.LICENSE.txt"}],"version":2}