{"file_hashes":[{"block_hashes":["d6lQeGTEVqhJ+OZkZrJ1d41rpSucSKYlpci+Iy1q2pU=","e8EKcP5g5wnrF+zmk0meTVXb91JOowP3BDbZ50+K6NI=","u7IyyGcLniKbtxRdyEHTZvYaYn6XsCZqFAP+aFp8ggU=","/wbaqNZYyz9pcyxkK/BdZwPjBtgbe/Vx9qydxpMnJi8=","BK9NQgQws4xH3RBxqLc+pwi/iNA8nPa9ISTC+59vXJ8=","SBAS/gxmumlQp08O63/twTGkpwLm7MStArpY3Wzer2c=","IpcBWAVj2z/iqsBch+ecf4uE1e+969VSDqrvpPqiQKs=","8W1Cur15TmJz51kmJ6eeZA+ItpywsqNJgBJLTjSwF4k="],"block_size":4096,"path":"build/52.chunk.js"},{"block_hashes":["/LLzPYFV/WIlUSEYOcuubfxE7Gdarqhz03jtDEb2kUY=","28d2J1wudHasGy/UAO3yYoQK0d2xj8kZ2c8jn/zuU6U=","QmvG0wGumKZl0162R8JSv+xK936gp7m2FiWe0hzjv0o=","30MkjC8yKBLpEMBMMC28YafwvE/fqa1QMvmWSgOJXYM=","o/fv/KieXHa/gwszY4CjCsqvyqzfFLwbGis42PqMP+Q=","6OkVXaxUjTq42SG1TDHtQvuXuxRunK+krYVnpeMVy28=","JRgsPAWucImg8do+MCx8Tz0e7WrMN6hnb1Rfe9V7Gps=","6J5ON//uPq4ip74gB+ebnAgcejJO7Nz3Bd3l25oZP/E=","dKaDBC5L/iINZDRvB2cToJ5S/FeQmq/Lt3Wr533jTwE=","phEospW+HeCduqUP4lVU2N4zBFJyIiClPaesYqXUyIw=","9YEYHXEbx3c1QYey8jvpvX0XUN8NFB/jZXliQA3U8y0=","d7qC5Z9dzgtx4G1LerJ9c1jri/+VhrjEXjNtXfcg6VQ="],"block_size":4096,"path":"build/backendManager.js"},{"block_hashes":["2lJIjzQ1a3Pbm7aPdWSeceIp8or3pR3IPNdsh6ZONaQ=","5QGFkcoEz8ng3eYwJAu2R0lkZuCjkFp3UR0H77NDFGc="],"block_size":4096,"path":"build/background.js"},{"block_hashes":["VeDCtz3+vdy8p1IGMfJ04d4YPI8GWOF0jTXJ3oVzGEs="],"block_size":4096,"path":"build/fileFetcher.js"},{"block_hashes":["nyB7NuCTqPH2jwUJOlvpFEiI6MAVa7EtiFMl99yDDr0=","YUypexWId5j871XpEU5Nv0JmAbCP30WBGIjH4nsrTuQ=","Zx4+LuHxrcy6cD3rSOXj+WN59hH1S4q9+ylZMNh5oOY=","U29dZm+AxY+hCafG9WJtMxkqZrucbF3H/GMdHFJJ7qo=","QpohFNl9aheCL9bZLxATrSIlDCxUm/YRs3vYdQI8x84=","LFhmUoqbhVev4XK+mzQeVk3rC3fkGQAS2NP9NXZd3fk=","7Q88X4PdFwZlInHRoo3o9U3r9V9zgS2b3QDN7a3zsT0=","+JdipgRnhezL/hFlxzfU0QGy+be4J76OKcin76Z6kRY=","0zWepz/iz9lDjm9Epqo2LXTbpzmlOhE44RYyZbPHHRo=","i4W64D5kOrnils2aVU3eG1yBbJ0a0PJLnK0YUzQ/8yM=","cNTKYddl6jl/zDTAscJkKpFEIfZHgLr5sS5x9g00/50=","VCjCj34CaWf8d8BegglViebRBTjAcpCMe8mWlNYyw0w=","ld60/nANpbRqqGZqDy+mdOU8wux13eKb8yvgkYqbCIc=","6locfB7pXRjGHHcLethKu93hUr81KoS7jdGYQ5ytdLo=","xQtAiPs9wSCKDE87by8kgTv7fzGh6TtI76JymGV+brM=","FSrXgQQvRFp3kHcRaH3Bu5UFC779m8nkkyMjarZc8Ww=","QcS0z1QZuI87lqXQVRkBRt9UApdBEbeLQ6v3Q+RH388=","9pmDirBSuRNpeLW68UsmDRvtCfgNEM25+8ZZPWfVJSo=","4YzhoY39OMqEafkaRSDMUaeFXXmCnqzpevq4VVH0f7w=","BALRRmfjaO9RRm6ELeFXAKjSzidZOZApQwEb0MP70pQ=","8gttusFBvXDzUbAZOvaSiCYHeD42+gEuLAb+GKg9cWw=","7MdO+klE6AUCvnIDrWveYspcR+uq/haFyY0K+u9U8fw=","XE4rE2GQZITQ2A+wc6Q2kh0sZZNJm6RlA5PwcRO2gKc=","OdIYgRMugA/H/OU6B3vyxAIl7sk2lP6RFLM4TKHe/is=","2yO14gYhQmKne62PEe1H1AVcjIUKPRtncDVin2c5SkU=","A8iFSKlRc1ZOc/hf1t/FMWfPQ+hK5OJAi62lxOgT8CY=","5/zktGpfzXI1pPOKKpzyHbXiVABvbFtaiTb8PMw6/P0=","IKcTDlAyk2FvXZGuV34DfXD1eM3qZdNHmAOO6md/Z4k=","CsWCJP+mFpaEFDN48H2fNB8X6UkKDiINDwoEldfWxLU=","R4E9h/+f+ra+gWlN9Z50NPi743KU4A5bG71NhxwU8DQ=","7yPb7abYd50YTCBDq94Q8xsa5UZNCBFzHDusg99wN3E=","tbDHfXgGIXiBN11LdTNWjeJus9UYvscO9BQ3R++A3Ro=","2jZ3RU169JFa3OPW87sISa0fo5VXtiRJmH2a2SRJ1qE=","yuQPf3dd/5Bcmu6/IA7DJUy6jj5FmAvPV5J5uqKjYrs=","qUwdCYtVvKwlvydBIN78oKfaJAHTEoXLAtPECIcsRu0=","V3fVzUkkx6huX1yvGNLuMgl7Ut4sjynSaHf7qqfOkrk=","gSeScDn1RChgHIvq8RRmrkvJWXWMqdwCYn5YaN2RSrY=","eeTicRdxZtLpbapKzM30Fv1YmaXH4XzpyedLvI7MrIA=","NvUIHzvJ16rf5EuAe6vl1YcKLp15+Dg/ykP7OtXRQGE=","DRsJ/VPWS1Vu3cwvd/memvqMoAxpKG5V3ZjvTMIIhns=","YtZK3qRB49x8Sti0k1sYEzMc2XzWQeLjqGCm/bNRwLw=","y7ZDhXLlqVoTYXerWUCS83bcXbzarMs7C71q2JrD0c0=","7F+1ZDjUn7472zhNY2jntq5IV4/TzZc/YL4/ioovoxg=","JJJTp7AhWOlr7G9bbZKE/JHu99ZvbC/FQS8OI9lCm+o=","ao7T/ikDfCpkPf9DM8z7TWh7znRSsSBUv//Km5R/XFw=","/POHbgXwzsaRomgbo2J3xx1k8TL/poca76MqUIz4a1I=","im527dDkVqJVotnb6BqEJXi6rUFvYL7AlRmo9btWDwo=","1HnZPya8fp31OccWxicIgVZNKP3l3ZgHpeJAzqOMPG4=","5hfEsgJKlCLgdi1PMXXCnbzq8XBeSvohyGdqjtTsZGA=","L3MzhmM/7nk2LNiYosxO+C3+iL73S3+0adbbYKPi/3s=","1Kv8fP9ImvvT0TdVvESBSRJEPDbs1KNCyoY3NXwoEkA=","8HMpkzAJy3mbnexoSLOAXXZ/ZpKmqTxd8X1V9KeAxXk=","j2AJyxol5W+BBIWyQALdBYqCMRbaINDDy0AQtpa2azg=","MgSCfkGC3V0knDtQGQYcKilCYOFO9YirVbyTYvv9jFo=","fd11SIJdJQ9bChoYjQcf/C0Q9wjwiIXKCMfGkDoz1N0=","E5Vb9HLAU3lE6Q3w52kuriEAR8+chN0MoGDwzijPHeQ=","8Iu3tju2Mb562ygyPS//1EuUMjm7vJIwL6l/PSVQnWU=","p3UfUu8Qs57NUPu5SdaL0n3OjKttXSvK23IpVHGkn2A=","SbWeIreJMaDS1zaxWh4pgKGmT0IgNNVHq2bf5mOSZcU="],"block_size":4096,"path":"build/importFile.worker.worker.js"},{"block_hashes":["9HdpHzfviE/VAiPm5NPVi4zUdZ80YgbkqK+fQkPDvJs=","oblOuSGvJ/kj0IYRqNi20j+CYhdpaNCRhBl/4qj7jKE="],"block_size":4096,"path":"build/installHook.js"},{"block_hashes":["yg3gDv1F62Uh7xtE3qDnqY2e3JKNdMEJyA93G/ZjKsw=","Ib0AeiuZNK621eu802SvzEgz0a5U6N3XI/MePw0pAAY=","ZEBd4pVoR41I8zkKzoLgMD3Ul2Y3wD5aaN3FXhQMH60=","IoWk4D+ND7ccSCEjIzmQ474VUYwoFbD7IFIRyPAW3QE=","h3i4dC6HPpOzNfkh1gWkS0WyE1V6mbE1k++ECUZPR0I=","VZPUyTi88gUaiDTf29XQuBO16+DJJH7Abm2lIDnSTJE=","/b4T5rw2rB7awFJ27BPiOim7mLm7SsluwwFoc2qYww0=","qzfz4NTyVOhZMhvHwPr0Kv6w7Aa3hpWeuDDcjcBD6jQ=","E86ioGdXceA9mlS2A6sV0y9aYar2/gC1Ci/jtvvruJc=","iurHE+OlNt6XOkUtsmUjd0rDt+l62JU6jIQThUMnHzQ=","cP5yPVbony63lvbnDdlVwaDHO7kkgL9LaZzKJ4JxSrs=","mMk3/dSz6QSDnNMlEGCeFNoyJZqlO+uQXDYi+UIZnYY=","X3+MUEjhu9C9zPxEMlK8XJtsOChV7aUSvjHFfAyAjuQ=","x3MJPtCQEtJ9bmmOnxg/vRUUeY714xGcQNnKFlFDpno=","pwt/hTZSzrW4rvrJPXT7xRc63+1/nO5ntZAUiuBuhrQ=","XxahjnoJqqw1IXq7vjPbUxxmJ9KrmiaY8Glo/N5zATo=","W78bV3C6ZP6V8Bp8Oi8syzXPk0GXqKcOZeqOtDoOBFw=","RB0qK3DPTbs9jVMaw7leJm86Xw09QeyffGr8GdxjHGg=","pRSWTSuwRS3q/DD4OoCoS0rJrNor/59NuGkDCk3CBOA=","lQvn0xcn3cz9RCb9xNULAYYPbZrI2I+iYktU990EK1A=","70g5T3AfRq2qe5xG3IStMIupoDatWs3wQhYbaeal6yw=","v7kCcPOzUUuIuBqxkVCdpZkVsziHymr41y3BDvVZAGk=","+VLnffNgQcPzBQd6uiqe3LnvHbJ/PHUIE8KnEfaea0w=","YCGOaBJ0+l65VEXq+BJvW9pzThKz5hjH/3E2oKsB1QU=","KTAo7l0QiGX9b2UfLnOGCs0xrfazPX9NqE7EjBh4VwI=","a85SzxWOXPHZILMjTpvPXKYb52e5B2SwnxhfZCWdDl4=","+nGiejkf/TSX9yNwujzBZ2F6cOrKK9gGvqAbk/loS5Q=","X+cGt7ERaNB5uh1hTDWGoUwhw8sNgpruY/WHaehXq2w=","rqAX0FRYomT5Yg2kifY43+eVoGngVQgA6Cqt+JQ87Uw=","IZHnXl6i73vMF0KN29C0aDHSkE8CSUHzqusrO/LjGdk=","aGJII9LHiR9gj6WxqykYjF8hnQ5X80WIsDufHw1BKrw=","jV+zi9C1WQILTr6TYuTOSet7+URoMyl6xpgHBzFcsxw=","prmbPqUrDvbftSj6ukO7FiwrZKLkMTHPi9goj4lox3Q=","8jWmksV5FTihUXBa1WGADLCr+t6JKSZAhqCQc5J16RM=","kAUwNPdpudIfQPfnuFnzjVPkqohyjincXo6Mod4qswM=","2V3UNxSC/xuYxltxvbmwGuAWVDGMUhCDAUSgb0uiDqc=","LochQtCvnTi6aoO3+8yYpn8jdONdAH/1QNZCYHvL4tQ=","z86HH0nZuWDbBFx19Id1oWz2Nnrd3/o/liX4ro+sWyg=","gPjXCmulAgIXgzsxYOT8vSN0jyJS8TnlfECZh8s/ZZw=","lnDJpO3enF4A8oSW8WWcFRr5nc6MYZ0Yenp+Y4ek9ks=","A0QiYxzOgVTXYd/QCtdf+Wqk4C2jOAYQ2QnKheLPFTM=","tqWWCGCFAe4uSVR6BSuu8m8cdwL2wP6mjofqKRITCSs=","J6QurNTs/2PjR+F4IFwmr7qWcR5tq1J4quyC7RqEAuo=","97uzRs6gqG/37OqOB3MTG0kv6MFVGqSY+NGjPUb71WI=","md5y+I2ULRlAAFsJHChJpWZ+Lytjp4tAqK/QL7dy6R4=","A9AutROTcznSjLEd7njWIr6h2kIEDVvScSWaljBU+wI=","ROYV10caesZtWHhiW/k66wfktYdElQW/JwMB7Xeb73Y=","j5bcNfKzw6YrS4dnDlLogMFiXJg3RIvxp3Ragle1vs0=","sTRi7IiMV/24PGHbt58zlR5J+QW253Wlj7sG30o9qqU=","U4nkssIUYIy300Wxwh/upzAGXA/1EiJIekVBetd/D1Q=","FJUDQ1CQk7AMMJclqVMMDuxHUagdhFHcsPSva6kL74A=","CROje5m32EkDY9NYhRJxzsYzNZMRawE8XLEk00OuGhw=","/UvhbfKpj1Jqmzt1UB+bULlYvUoI3U6WrRF4PSC8WQw=","Sr5FUxHX0sqnazC+MqZqD79OHlkr5iZrt0ymdn5MGys=","Ta21y3q+5veuK9N4H53GXin0Qj5PAH+V5BO/NHNmhZs=","YvydqKuBj0b4yH/2sZZ0EON+rp1rUbDAVT2HazGW2fc=","/O168RGiAWGhGbugrLfC4o1W8l6K9JiYsOQD2gfc/mo=","++2EPttbdOMlKWqMXJ8dLNUD4VcWvcp5Y6aBmVE4qpw=","z0g3LoAoHKX31cjRoGFgv7eQBlMgEaEgopgtOI8MRXs=","/DSDnJhjLJve9OoS0N6l6JwgnudPtrZCo8HWLV22ENw=","DMjjApI6TM3dCZe5BQ4milAvFCZjMxlCvpgsIdzacMw=","nFP/5wgwgf1O3m5BzrPlCkk84PdDpMuQHQZN2R5Lqz0=","0c5ZNLrGVGHa2AU+DXJhNCPQaYEigqL/TrDdNpZL7M4=","yD/8AyPiHoEY39e6TbOEtgn1oKzKTpc+QR3T8EjCoyk=","PA/AbaoA2qpJnCBkGJUAXNkwjctgmQ3I1Rjk/4rtoP8=","r0sbtd/JZwVFFneiqZDrlxYoTNrGNI3NZwI91bGpmSc=","VQVmprG7KAU6GhBurTLwTt6sLk0FEWJFuPBn/V2Zf1I=","hTQ73jB7noJpxfay/kzu1OMlDvDVC5y9AvH6hjxxb7M=","VEWBlG7FRM7hR3r78GTd1xCz9e7C28wVvN/CN2yvjZc=","C2JLO6zZC5h2xEXKg8yX/KOED9DPjA2Om9gc5qx9TKs=","kj1jnSRe7lpejaidMv+PvaSkH1EzK9Ldf8WTVPfDR+g=","XFVUy3ZObfPquyd021NT89lS4vn+WKQw5wcKsmmlZ8s=","nAmHS2WLYnuyZWT8pyHEeUJ9QzmbzYTqv8oGUMcSnCU=","ENV1uZo/i74TJb1oaTULMpD+A/gvURMKB24dwe2CzCw=","OfOmdJoNTOHM312TswLD+Na3cS6Rl+HGp49nB03bjbQ=","i7NrCT1a/6ePDKJwF6adwbmr8d7nnKezppKd/nr49KQ=","NtXQaw44XgjLW1JrzUsipkkPEe/bG9IhucjihYAzPaQ=","fK7RYffhjQgkUvM5h32sWHir6TBxynF4l/GtLvUbswQ=","KyVKbUhpSGigJrqPDjnp+TnVNt1dhMa5a4SVHbVJidU=","QpGhchmO8LmbOwcVKJsErql5H62qUML9j+/ltgzgYzA=","Q9r/D/p6pLSpz5dQKc6G+R9KkAABp65aIGB5U/F2h1A=","jnXDKA31gJDxWxa69yqBEUmzYYoNOqyZaAhVbU04ei8=","8oyjAu3bFCwyMB7r9hoxFJIYpuncsng8FAWuJ5iH0fQ=","H1+OfQoauJMQfDjc2jLut4U5l5ckP7e8vSgPAc+lXhk=","dIq0rUREvEQI5gGRYRbNMvH1flzG5dppys5Vjb5QQTU=","Szd/LU/NNriMwvbE0rhekeggIPy2aYZyaib2m07Fv78=","zCsyMUGirDXesjTcrDf4/x8fzpFAHwptYPMAmzITIoY=","/3sH9W/5YrcrtaRz6ILBAAuSsrOYmerW+EaJ+8fyd+A=","lue5Ae82T8sA1mIm/YmmMmWuyVpLX63xudSryT8QdVY=","g0OG1SNhRK/myecGRK4SG2wifigIYNxEy9SjxUQsuyU=","MRrwpHQYbk9ovNCEdiEzkkPIftXFy88hqaA2TOczO3w=","45jHgVTY7rm1xrZ2uKuu09xWac+jO1TPcV/AGa4fNTc=","WF+XhvzWyZWCl93AdFuGKc4neKgMDQPltoOqKEswH94=","3pvFzr7EUqomS468ZnHAcEocy201daqy5sEjwsHclic=","eb7zfPZ+J4D1EcYzusTN7/hcNzdFpM7q9oj9qgDRDvA=","UalbH0Ij8co+2TY/h9xnak0uOOcB8HlWR2P71SFS6wk=","+bgzyGDNYg+tvIjzI9zA8JMAACqj34mpV6UEpnh899o=","b+XwJZ9qUgG9iFSquaGJtl/IB3HnKrKqJOn0lk4XW1M=","3YNGujVCoYiYkXbXp4piWeLuSHFOO8HoanyTTwEXFMU=","1XgoN07omBEFpY/9n576RSusQYrADdRPzg3IV2I1F9A=","nBW2Kzvz5E4dvyV7wfppmafpYEXVhCwrG9nLqTTPe0A=","DnlWUh+mMdrX9FQ9Xae7ha8RlR6LQ97hbWGHxYhALNc=","nuwR+1+udpA/ATIdTupR9OUBGd96ypOX2bHgwbog1dk=","aXO+LBj0eiEU5/fCgVzGpMN7dlsgCD6eyUiWZOeScnI=","i6neELD5p8IqB04sAlbJrJ3nVDzudly3JkeF2H4a/Dg=","hKqd2NdMBHDgyw4LdITzqg19eZyEWCmIjrNqsM9s9K8=","iFECulIp8zL2mIn2BfaxJzHvGti8vrBMZpmziz/wfCg=","o9hZmQxBYzfxE/lQVXUHj532Z3BRaLrOCgbe+BbSfvM=","HCjWIAIlSZ0+cGz0Y14wfTYn1oywVFClGzTuj1hjM3k=","z54jOWgJtkYTH/tAzUEHBpOx+eCtNT/fuzM/b4bgx9o=","EuNArx2gdMqIn5Ug4dUCmrYObR24jWUEtAX/mRHPNY4=","fuhtniW8WRx9OOU9SMM4FZrxmKY/OUX4rpYNEaRiUYk=","xb2xchu0Wz299OJdT9Lt6tKPACEltVz/i0t/Jv2grgk=","3Rm8hZPg26DMCc4i2tz//uWLiRwUj3pM+cyHwZfJbZw=","zJOEoyTbmCW2D/CcZJjxwBnzTHhPAOTKFToOimPMnDc=","STEbsNFpp4CVgZievm/n8ht+aEfSTGjyQEfhdCg1j78=","xW62RQM/7TmH6iGc2eiyWNQWDNWf52Vn1yAO37J8B9Y=","S8foCpDvrd7biayxyFDlVsW0N1NB4QrwABVpMYIU7og=","Btjwq0223BLLaYE32Y97jjgf3tgeiaNocv8gxHqDnEU=","LM7qG9yN67xjtZssUhWyAEbAmvIH8GYnvtemLLoM7GY=","SQmO2NHZ/2Vnd3HuoeSolV9oT1yvC7sVMZ78CMhT2JU=","L/krYtfcKoYRfPdz7JLs+kOVruxH6CQGSS7ivzBf1ww=","BlNUNf/Ee8nlmNCwnHCb5qVLivscjBo/74y6fy+83yY=","HhNGfSNrAMcDhpcPxUYKgOs1tSGjuG6odOw1bwVpd0U=","OweTtCQhL6ACDzgI5TS4WU0PgLIcrtIkSBSPgFEw0WM=","XSkIjgghKyg6Ghi7idbMIRqQENfBtGWPguzfk/tgf9I=","0oFsAgesPlvgaukG9eJ5c5D+06Vftfj0xL3VN+An9EY=","TyU4k8/3hcdorBHM5weQZJdOj/LQ12A0VoBc7WpsNkA=","hZTf/62xsnDBFNCs3qM2CznRHOa8afvc2NNu2VJZUgg=","Wdtouj44JmLpxl9WNDn4JK3C3tiZwAxE4eEAYfjSkKM=","VdJLC1XlrlXOBKdbh5kdm3PKUHdDULPOXWxXGfZR1wQ=","FKnrGU4S96tQ5OmF6PqIkKKTCBwQoh4m/Lt5WwMlkyc=","6aesHdf6zFGbY6wKYkH1A2sQefcD7e8ViqVv3vzjo/g=","9ajlHpDB7A7XPQoRxDYTzIwpsvoAwNAD8d231ka/dso=","D7bx5pO2RRDZzXrBDH1JThAJ467BlyIfC6yxuGajz0I=","QYSjbF5g2Kvjexqzy4t/j0doYlkrJtgIVnDjwCJ/kGg=","w7iyMPon6nWB92ehrAAoT32ZeUCnLtjGcRtcHitBRmc=","nulj0ICfIJimla+nYu/F2s6OFr17wPGDgWESZ+Q505c=","9pQqv2QkQEbml1kjV0chqyZUz9n72GpXd7GlWXbYsAw=","DV+Nr0hGDaGxtmSriv5axWxeTgmIf5zX20WfdyniZCI=","niq71UoaXCtpOuNJViJXRMydcU2g+2ZGAx6IlxEq/9c=","EvfXO/6EeSXScRrJoQ6m8Aey/miCrS35+Fc75kl1ISU=","plziNkkNbKnSO2ei7g63wo0rAmAV4faOJ171ILrtMD4=","ZET4kMNu27mzphwcWVLYonC3sQYrj8K7K3wz7FjC5TY=","HiXSNXxCB16MkN19a+RVzG4Z3adNKvqsDprLrGK9WgI=","ZSojZPG/798SVvpAvBKfv5e0gClmihXcTzrq8JmZnRs=","/2cmXkXId3xgasUvtZAaxHGK29FLG06hWPRB2LaQHSc=","mXsZvQVQL0C54N+cT6NMLMJ+qg19FPLKjj93yOt847Y=","p5yOtSPj9kWGRnuLPQAR3i8tqt2qDphIlJkElJCUolI=","8xHUy9wPV3FKhG3G6TEuaeuvP0Y4X5E2EqrY6ImNOuo=","T03xJ4/lPH4SkUaDEMnMqJr8w7LT4fI7nLamJUJv/FI=","pVMU1ySunSHjqqhL2udbfhqk+kZQyrV5Ip8cOODjTvc=","MlQdnP4slPTtCI8QbBTuVFCqb1WeAIbhG0gm6UB8DTc=","1okIxdXvR1Fc9YvLBk+rI2RToRGkmIbDQKOOkOnwW84=","W19O9jITCquKscA6mPt9tWe04YFdPmysgRiPhX2njL8=","sYuDbXuiT1OOy+8FCTo8KXBZCfBmYS/c50vkn3+Tao4=","o6MIVqZeYsMO8PDlOkjJBez4ZarAnzL0iPkw8mg9OMw=","j+maEZxarGS2KXmji/ctTB1/oXsCb25Yu1DT/VY53tk=","IlgFHZjVBLnopdEuVtW8Nz3awj/0EZSLhKg28cQAup0=","HEfcI2slAFsFHVabbiZlz+4MA4XmQ1qdexT5SorNnTw=","/s2OyJuN6xeu6gvNpmnh89TPyZzbK7pip/ERBf8CjI0=","aa1kCgRl+TxLMRV9tPPj7ZcWbcVCSUlrAXWg9u8XT/I=","NxCckVVdMIZtTAReeELkzQo3puxltPLkTVpKedd8X+g=","5+JFoTIy3DWBbbXCIJF7/GMg1fU7aCL0/2BbXeARKLY=","1Z0be8H8DEoo7cmVQu2yHyeNJA8E3ww347LJaHuiPgY=","CXAwWag7WpibxT4hbCgSX0lIgoA4JGGd1zs4TQKJuF0=","fosyhd6PbxMIhScr5eQnLMYqXl96Pio4x8U5Dn3sqaY=","3jpAQZbcI7LIYikUB0h8YDX1azj4xcn5SgNfDvOd4Lk=","dcZ9AAR5PuTul/prrMZ939Tg5zKzQuQty+MFAq87VKM=","JJ+Eyhuqnvf2fq/bl613UJ/NZ8EzlrZvYZZhdoBBgGU=","/C5O+xIOKbVGEWpfQG5yUCk15cc3ZOhSb3QdnZ5fHBg=","AMOe6kAwHUWz1tMDTxu5C702QJWHJMi2LjuCw/5YAF8=","OiW4Jcq1a77yFIz6FDMemp8RRPxdVMiOLfqtE2SjOYY=","lgs+7WNGCPFwkQCxsbAFFqBZ3DxBAHFlLukpiVldlHE=","HSBkBnTJivBalLLwzfnZ3C12KzfFRnH0I7DqYugaAok=","k9wi8JQyW5NkfkReJuCh+n9iiU72XQJajrofYNInKwQ=","Pik2KPcANmrLCUFrnajJS4L3ax2VAuCZQ4WEwpoo4A0=","bKYrbR33xD85i2SUjcZzhjqRh+DSpiPgiiTBSZmBVQQ=","AgK+GlEEwEmjMN9pVpPy5/QVn48hkgHZGDTylxEuzhk=","bx+VHPbSRmKn8yBlT76DetR4ypQXmPS/+ZzTh1yfndY=","G7nTnpVT1AkjqhGersOB0GN8G7/7++XnQaOPrWmohnk=","KZrZkx7bZbmCRIMAfI7UW0XHRyYBNogPxN/1KZVEPD4=","C0yk22lNtPN/IQAiiCIwFod5PifRQOM7wlrCScOPmOw=","W1SwJRtS62b4b3M9Od5hTjaZS59ACBRqfChRDjvm05c=","FIwfFZRxpDbluCG0/qxt/IWPEVK50sIHHIOictPj0+o=","FEoMx7Oma85dB4TBeEinOkLiBFaFShgjp4oWcOcrEP0=","z/iz53uDvghgxFfdQ2PAAlrHuv5nyJdrV7dyW/dwwPs=","ySd2Mxeo3sfpvYLtNlVksluVDgzIHHCPvNWaUg3MGMs=","IKIlYSBZ534PT+R0kxJiwJrCG2p/ptQpmo4MZfelEmM=","754TCaNiKMBTiV5H5c9VoA5z94EH9jJ7DH1MNG2gQ6Y=","V3huyyV+ehk8/apd8ych9Z3E2ockLROVkdPp2NimpUI=","rzKqfMHa7QAl6htUbEI5IZrM5BeG2tSbDdxI7j9lZHs=","YHf4GDTRfmyWCbqFDkLDqul/M8h04HHj530i5K54juk=","NPh2VD3kaMlzfreAc0CVYWelSIN36UaObQVKtrSszUw=","Q5KcIxjv3TcaF9YRAQnt8UiRSIJNICCFmxbsj9DFZPA=","LPVkeGOOkRJWMM5uoVbI7jxjuEGvXM0f3sZ7+h6/bCM=","rHlnLcdEtScwNS9pui2X0QEvwjbhuZY5oVg273m13Lo=","ZDhjeoeLkSDTIq19Q7QyW7XpzNaiTHlcoAEniUvR4CQ=","AtQdPaxRHcJflGVLXrEfwpMBwDpe4Zuy4tbjzzufg/0=","hzTls6blm3wNOpBSJ3EdTumZI1lnC55vasMsxu6EE3Q=","xrza0VJYJUKQUkiYPkc7s/ZktExtizlm9/FLptbf5Kw=","Alr1oMidS0buMB/wqZXGX7+QZdRgCaExek+sPnmjxfM=","fPMUwiApU2m8GGdH6EsB00XgUtwdur/7Sj3SiazxqQU=","ap1UbGTmCAiHZSbSMEBrC0Gm0EAnAzRWN4D4Bx5oX3o=","WumLIGv3P/3e3aImD6L6Egk7M0UCnfPzsG5YIePEVxk=","EGph46wxsVTmaBu6A/KpGFTeo0SBtRPyYc1KUitzYzM=","86gh+0Z7lM20KCHop4j8rQRrHxfeeb5VUmvtQeCb8ws=","xVesYARQMLA1D8fleTC387rarqJPB+R0DIipFQeoID4=","EE6r7/cGslID25hzr7e/4f14LZJ0H4C2F3TrauuH8po=","SEXh3oWXSsaW2cOCPUqXV0xoBmTNrP3uyvJbTdL4rV8=","mwZBYF/xTsVfbOfzAZDj19BpSKC2o5VAUAILEGnCEJw=","c2Ipq0M+OMda7Oh/WjOIf/vEqdoq881nx66ElowdAZE=","SX0sEoJWr3pdhd2OSMYTCR2Pl4ueQ5mgvo10fExm5EQ=","1X5nztre1wkgJ+vGfeBo3jgKl619oIldXuK7tvO4Lr0=","eZeMRX84P60dDMNxcql804wa9b8TH5y8yM4ZMf039xc=","HTuQioDVG8RNN38+iCZuqolvGQpp94mEMXt3gBtROT4=","Hw8abl3VM/sJ6On61MX8tTo+ERAIzHQUaLBwjjFvX9I=","0YJCI9sMRn5QYf2TB1Gm2gwGFPRo7xNpnO4aswhSdwA=","pvRbsd/K7j3ciHMerw10CstK+XpG3VGRcV6y80xW0Xc=","9OuYJ9zLfvGgbjYUD9vO4BlFrxiajD8trX0Q/ePEk7Y=","W8e9uTlEILoBS4fw8WJK6c9fJVBJB0TOJb4KFwy6l14=","xZPUclQwB84iEVgfl6F7vIdVH4t1M3UjMcPdooCLe1E=","K3SzEYRoHvMcZk8BmBNHR3+GrDGJXJ+Em5vbzWDnfG8=","nWo4LfsjT+HZKSSSXDQAe6HddVHCQfW1Y21gjMVDc+s=","ZKiQ3HFkmIeLIi18a8z6A0OFQrejEQnt1pc6NtpIZIo=","lh5R5FdkCdS0AcvbsiPibXYcuMPO7NEhNDhuiwQxv8k=","rZpI3w+UezvPlzNkJdndgRbOjtsGTSA3Y8Qm+Vsvjyw=","fBIiveTvM7ZKZsqGmuQmeNvLi9W/syEntL9sJt1ZGQc=","HBWOgZtv2NLD+IYy46SkepD2mEMXPDj6TETNHBSXlTs=","fEsLWCv2U8eSUrz4i1m7sD2mYOMm2zbE58Sn1vinicg=","Ah5/WxMR9I8BurLrjZ3DjvUFpxgkVHfgb1FdNtQ4ZTw=","ipoLJS9B9YRj/EokQypyF45GNNW/OgHl0cjdqbf2V1E=","9AKw1Q1Q3Y3krEPn080o4cMAelJanBsbuFa9AameEW4=","cbVB0ir/CruBBRDFefeTXi5AOFAOcqxY4aVfOAepshU=","gTqxq+1hnXWaTeH0VlFhJIclegkJcu6T9zGIuP5jCfM=","CxzHDSZL6nptU4+XaBgBweMlaxHoBmFB8QY+MV4tDNo=","WW598JL67q16d+BoclJAH9amuVfvmSaGyjdGvvqU1Ds=","wJ1uTwIa8mijX+wjglKk4OcTnA4geoUfLYO3mrmQRgg=","SiHg7wZDKc8+Mr9CrQZ3qZtaIffxQN9UFPnwWGfgkRQ=","KNSyIS3FA4lZiU5490jJ/K0HH/lN4oDGqkWuVHGfFsY=","DFI/CF4i0CsJ51wIeTYNQB4iHp1Xo6X7m9UOxpUgWLY=","DNl2Dty8karJgJZOhtu65nzWFZwMcdv8ExTydJ7sXHg=","bsiKzRtNgTWDSlusQZM2ND9yZCzlB6FGGXltTQkv9jU=","JWVEfvor0fYFDL9p4q2hc+deLSEI7WU/qwz8dhOBHjs=","kUJSljKoS6hMPQgwJQeG/tF+u1wLy9Td/1dPuSUu7Cw=","uLBj80tyWWWc4qJVG/PmFm5VRTwfCaetcr1Ve/CM1kQ=","nXgArSgl7a+kMwdAxLbRhbWmdNj58ZxCdj6AML+I6R0=","9nIRVwgLeZjmTISlOxWKjfVQNPNgx97FvlZyqo18Igw=","UXTnL5UvJKEI4z4gjswZG8rbLiuJ9u/BX6xM7bLnyKc=","GuzTR9fDW9FuI2u2qQOvUt1Rwhb6LrsjoiFc20qzQy0=","p9e5/tpN+cj+lUclZgkalN7je/IA7JpDkSnJWXDnGYs=","OCEZ3+1jqshFN2A2o3hjugUZO2Ag7NVRCkkDamWjX4o=","KKZPFzlBI7Cn0j8bgahFGBGz+u+rzp7TSMQu2dFNQz0=","rQB/ZzW0q4sXLrAMDqRHrav1n/lkfoWfcjYVh3GjDBM=","6EtGbou2EgZnSgqI49a6nNh4YxcibdZZrH/TZWqr0n0=","aByfi+WWIH+J/Yq+5kxdpWjikw5cbXFZ7QY6ieBMD5c=","3hdQHlzprCQpLI9V/PJ3X7AyNLI2Zug9AJbg7g4e+z4=","yE001ecqjZINwwyAOZBco+duf028gkS/PtD12FKD9Mo=","exXQsPuoHpu7aSyyORyUuGncyhseJs+7ztvLvKjAT5o=","3q34641SzJnhyRTG9SQOKRHwGo/dkwKWcrF99EXivDI=","tqux2sC16y5DtDyzP/QsVT8MGfahMkHAzFv2PbAc4p0=","kN7xMqcmL0zuItsa/81IOJO4kTHhlf7FQDMB5pwIjgE=","1JRphrM91MQzcG5aSGNcooNIQAPT+3pYSAGSd/QQe+k=","9IKnbuu+Sc58xdSU+W8xlRSYcg8+KSsSD03ZJ0WQ4x0=","Cf0cHYzgrlDHcMTWGRLkm2uqvkQL4L/YjRq3+NJQyYI=","n+y+zvG9+98iWVYKJDuIvc5I3yFBiI0jGZND+JHkmiU=","Ua4RoJShmPQwG50tS1lsb3wIJiBj58CXjtr/Sa87Guk=","wpX+Sru4HJIK/QiPPi1qs2bbgAbWh+qhr8Qch+aQirE=","rVPNlp+HHYFguDVcJ+9z/IOBGWYcf+R0uTRFw8A/7ts=","QBqdwaLZxWbj65t6ICLw6M0Pe3rfyA9AZ04Ijx2zKJY=","jeddxm5xBjoqZi5ZAS4dtoSCoNdLYATMCzCuITX9I6s=","OFwWoQbzzfNTAODBnJdG5RfjOpYw9EEVsprrj18rQcg=","DR8vl0L3sPj19DqxhY9bQ2LG3hgRHrvVMViR3hg5Mug=","zppRjPMNk7NTjsl+nvQk72t2T+CSM0pmw+JLIL0iu7U=","ET6rF+cO877bD5OjBlXYyANXe40cPzseng8wjm6pxok=","PY9UHdCnVNeOKG6uh3dJ1cBu1DipY2a/SJhqWLtOooI=","9LiuZDZkCrbRfGEtwV0QGdO8ZQhrHznhRj5PuT4S+a0=","Yn/69HDO1EwuQ51LVapiQdKrXKqaqU9pnBcE9Z7RVzY=","gkHhCkZd1OH/+Fsp5wWPQwTdLUIzTtBce8iPwfwvi2Q=","boqyamYT/sQuGubRJ8QcrudKz+J37i2VHIRjTlGiWZ8=","hL4YNpR8GhHnhwAS3BZKz/WHPv2FAYu3fT/AP7xVXYY=","OwU9J1Wmz9JfdWWNrTxcTHbBmguPjEhAaUJDLmV//vE=","FWK4IQFnp9tMhHIqTPnMudzfSiKnK/i8x6toXF+NOik=","O3MbfGGbl8v3xNw5m9DCVA7ZlhgLYbvxYBeHQauhcJw=","ZmAJQcnVWQkNxUu3653T2G5XpCORmgGT0AukcUvk+Ec=","W+lHR5CB8QxQTY90jhc1uQAJJQLVjutFdL6Xn/k4vXk=","C3x9tTCbLvxDAmhvcG1oszqPQOXy6wmI5WeFq84q5B0=","kd1/6d1rO+DTNNLvqwEHABaXwq5pq1XCmtUaB42KrpQ=","gDeho2EcJ4kaxxXD60lxMlhNCb+aAYPN0apMXsgPSao=","LXbZ/ryA5McLquoZoYMLFLj9+++gIs0tPwKJKkWZd+Q=","SwLW4Le+3pCu0wRXR+onkHimRzTCKvh31uLcINVtmv0=","nB8UREIE4ZvaThDc3pnFFPX2pI4AlDrcWTelK2XOigY=","hjcDr+oWAm6w64SjPjVXf146K/ULzc0VTUAaoDymcfI=","r1JKF8vcMGXE6yhMlKBXRBQy5GBsJf64gqj5U57aOf8=","uajrFu4q0K29559nbjYavfRzybRCpIDRqhKnLbAMcuk=","SH58H5cNFF18hZvMbR335K/Y5bxfDxfNbILmCQgg4B0=","i2sNosvoEaHXTrMYzIPIWVniNPyzHDVNEFKxnShVw0M=","+4L2/fv6qjjC0YloAoW/XcjAaTnUrbMiLoNvXcUMi/Y=","zpKR+QIPiEQXBBLB8O+dow/Lxl5UpEexoQGralFd+XI=","dfq51SJftAvTWNvDtsOwuf1wvl+BqorBCKy+ukVDI+U=","w4JwJKHJec5TNYTxPdOPIWEdt5LPTOdLuSkGjyYg2l0=","vxDM8Xry5eujLpGSpfh+ERjPlwUs25eBJ0mmRUGUNjw=","8iTGafkkyRZW3StOWYw1DoHhqn2yDnx9XypXJ7gFTQ4=","d1t8c6VaQGExL0kzU9gvJ/0z4JubrB7QXIrk/PJLbOo=","oBeB93mtlproYNepeI8qACNZjhyj0U3oAhO6D7zGhMc=","2/wlT4pYlQ//ce638cIIJIMbKzxivDX8TjlJmLA6jp8=","T9R71oAYQE1mAYjXWiprnGNtr3UoKRi3a214epIDKJ0=","mLPBoj6LdxYukDSopZd7vNAI6lURNoSU7PJb+MHeY2Q=","lq1dt3jbbw/ISpKuyh+vhp5zAq5j/mhbudVWLnEdT1E=","OHNM9GXVV4AgId+epzlrIFzBuM5ySPa/t7+UcFtLvYI=","hcr1qaNQ0GzPMPSoS92f8G1AM1CgPBFYfs7WWCiPNDY=","SdLK3JTTXpQOUGFJSfqlfOpbPCcHRBEf6CrQnByTJfk=","palVu9j3QiNoNtx86mDfA6NfA09vcYb6KCFzePhTIB4=","H7uuq+P+mwOfAd92+Fimsu/QUXU40yY73J1mhf3DZeU=","lxPvFuSWK2UN8vv1QrRCf3mEFKPAda9mn4Nvp98Nxpg=","Pfr23XPTqYO+fQ64b3Bj9MrA1dhxqOQgzeQ/VTDa9F0=","1HYhCgvZNv3GVLHSKXoaCO3++UCtTy5CqE95aPQt/Q0=","cXFGx6pH7ClAyGVMYHuqumfPZND/rtZOEVXLYcvNxEk=","Zf67UKSPrPPc/LPilHZhQr5wv5tgDQM6m/9+qv0vrB0=","UfWSHU9jlybg8ab26bcpYXgWB3/qEqvuQ650qvLGmEI=","25PP4b7T3rr08IvkS4ajTQlxq1wZK1Ew50x5mU23Ilw=","rYTDvz0cRKQHwCobM9Kx5t31/BFTQhouTc1ojjif2Ls=","zk0EGq7ToFUcGq7UFEq9f941/QDz2CCSZHBpoNzs0U8=","1upwmi/CDDFf4lav3tEIplMIsSOOPPwdxExA9RQRgrM=","veSRHmV5PLJCKm741cIyDn6RhTsgIBTBnR7wjN8gAPM=","fijPqx0Ac55gXedQnq8Dg/Q/99ouvd41kTTC52lUdXw=","Wrn8nrj8QQ4HLGNfmh/6Ly90Ajxdd6cb3p7pCaFIjl8=","U5JWF8Ov+csBwy374uOBShg11oL9cWLdDlbn0V7tzkk=","u45DMv8hzaICYS1tkQEYNa20XzV5CbWS8inPFtfkV6w=","4hB2dwu1DuA18qHVC0D3gm+Dvt8ISy2wpGEMVrZBcNY=","sTPBenIrJh+C329XiXx8LhjDxQtbXuZpiuwIAWrOTHo=","EwIvSf+TLR9e2Ou3ilRl9Bgzd9HUpMg4fUzblSh8V8g=","4f/Vwh1E/6YkDLvSwYwOUM8qY7ny8hCR8/8ACUbJRfA=","GRLWqtnZY1aW35rcDKi+GjlNSC8U0dqh5k+adJhKomo=","j7+XnFlTgN6X3SzJa1zsBw6Uz+Ah5XMaBXAY265qKzc=","0U5BfixR2rVUStTIhzgr5TxW/ypm+vYBnnBvfxbUIHI=","knY1oC9RwqnNTQgkacw21ANKTjryTHoWAK3H3TM0P/o=","8Ozs1UfCbasAgZRDKVnrdm+2cCh46WDO5cxRA9bQlWA=","M29AFBLfSj5MjLcOfLHwC+WDYt7OJwp/GmgXQEfSh0Y=","CGU14Ib85i1fy+vGBWNqVjrMtEU81hT//IBakqDcyis=","6RRaSYwYPQhzzucp94UBDyXexE3ey8FY/ucz9hVUBOc=","6ukBxkyY+H09IWizTthpHcivPMIKF5zmo/0UTdIR9jk=","kVLm/+lhEQvb1rYBT8oxXU2OSra5BOuHp9Gln1CZlQ4=","4aHCoKoTRXUKB/oiouWyg14Thw+l5SBMAVzjRrtQ3X4=","UKpfXP1e6RqyODDSEYn20ctjV7x9s7d9oP9MUgVcWHM=","y0BUduxtYo+xdjDnq0Eqm95ik+bsdk8by5Xgqful/yY=","v6L4n1n1H05xCfdmUAzAbZEkbeCmpJd3oRLVc94D1hY=","xfvQeUvkL9vh36ccsma94zRgWG8siUrIBoDkcPzxcK0=","lz5roU4q/1o3Psqgyvz2DubFLokfPRBLrAlHEm68HmQ=","KjRHPbs4ZsSvnGYXldWzizgjszXVdI2cs+YUaZqlx70=","fxwF2U0Cagtarc9RPR/9pbHW7NPVrQojqZqNPE+a/nM=","ZBt9dsB9sU71AxaFFK1UO1NOA76vLkFuMLhaF+aiCao=","UGV/leQB8bDvU49MWR7c0B/RXHzlv5zwKDtA251zAoo=","0IOaPNATCKSoedjdqfNFMiFSUIrbgV+Z1+SwEHdea6w=","xWzuzp7J081p+h80SpHWmhgHIlvbWK0GGnmNIzf7nMk=","piZXKEXH1shuNwj7zCyG0ufKKBNbMbd8aj+w+pnm66M=","wvBm62otFkA+oaRsYt8eueVqWHd5LaAr+73DzeujLBo=","lXcl1Jn2A5CVY67pVZT+lmiPfU7lE5JEQE3er/sjKmU=","JKzg7DeaLOD3Mm6h1KDZBHv9mCJ+Zr2HhiAzkohfbAE=","ahngahgrH1E9Rg5gXqfthSf9F7bAOhhD6Q1tUhGawoM=","IrI6FYK3B9hpgEzae2rISQZlQ2jOSAZ690lklH8SBlg=","7JPmJWhm4wChQR0vK2dgR28IIX2CpUNKiI5GPC6brdc=","45ZQPDTg3P32hA2DL7kpD2juPpZiqBF2tEFuBjHt7Ak=","1a9S72/U4K0fCU/LIDB0eI04MKn8UxzR+9UE3CYgpbk=","2moj8DihD2iCRd855gFYVI/94SdwmC5CWUooVd5mghc=","Qg0IDI7cIeHwsIQCOtViM45MoDuOoFbwx0BP76KKUQ0=","In+1KccLcLnePpYu6iC8dQ/yuWXwVyx3RmSMay+PURI=","PoyJaOmSy0oCSd8+PhIq0AfSYZUYu7ElfuHAt2pgDK8=","y9n1weTEMN30j0oxaTgbUEw+BJgWFOdJ/V/RTD26eQU=","QiHsHauf3CrLLZyB1EYbgNml+3a2PqwauadfXrnHHU8=","z9kllE9/syPys5alOKP4b2aiwh+sfDPkDchNm6C09xw=","khHg93F/qnODuPf8HNI3nX+wleoqGsUx8UIpQz9GmdU=","W07lLvrzwDdPoUalP9y51JzdJP1cwgsejKHC/bggCGY=","q+OevN5QSyLlWKTYtVBhRMaVXHPvfohkH82TqcK/MqQ=","1lO+D2Rx+Qf7bG7MiP4ICFLx/H/GCogeJgiriVq9L1U=","BDvWdIdbKqCS9RGt/M2P9w19+mj625skhmgueYYEk4s=","b0vyS+2QLNXCihPeHHCKB/S/0Qj1R6ZtUqMWJrpxY8g=","8EVRKBAm1LG3zLHgNHUTqqj7qM7WfNtNbpoxAs+Inhg=","dWubvltaC+xwFa9NcL8ZC8300iuD+PfQZ+fBxBjgQHU=","qdeP4o5AEkbmovgnTPGutR5Hl7VUdFIYK9Fnz3EAT3A=","bZVUD/bfG+lqSiSTea8bBb8ZB945eDaZqQcsc3t5O9Y=","f9CO8BngaLU0IiEUyWjaiExT1KjfTaL4LoSD1niENe4=","qeSzIK7pIvNkySOPyMRfbpfFjMMHlI9r14OsiKtstdU=","kTYypdxrySQJEl6may0lLdG3nZwUvkqT6xFymPM1xIM=","UzVnJshZj9tqxfnWYrchp7m7xWK0pNb6LFqnhgzcn0w=","mFVRnu+FdVA5bRmS0vUjsje0tTr/oUtcrmjv/7jzyZs=","RVgbkDk974zy8nz5IY9fwY/c5mxtMmHxlHB5jOiQapI=","Ol00aaETHsotLZIsQScwuOzMocheaznI7Awiz+5sVwk=","2CBcHHD6sE3g9pWEICK4hmksA89T9sFGHvMdXoGoa7A=","UhRIMHKf7miFwoJNDXd212H7FjpZI+O9unSPUubZ0Og=","lV7a+S7tKIhzl3imguao4MgNnP+XzU0XLFecSCbAk4M=","h+apGK14LsOtzmBydJSdEkh+wkz1naHINRMrkOHLqOI="],"block_size":4096,"path":"build/main.js"},{"block_hashes":["29Z/8cZA6b7pez7PwtVddIY8RDBPYfKc6FAU7QkTomU="],"block_size":4096,"path":"build/panel.js"},{"block_hashes":["uTG+beNn5vYNDSb5dv+ORQ/V2OEAAi2jNqY3+DHBI5s=","3om6EwOPX8f8vQQDoM6DAWzscpMcR5mlp9Fy3UfCthM=","5sXHY90DEjNQjtwUe4sZSdP8seAd6n+mTj6cOR27+Y8=","b9nqonDzbxoCttw8l8/lrujpH2nBrGf0XqBnmTD3N9E=","pJL6lkkbhsSGvvS++XBFuj6/iZ6b6/fM/hQPiDTQ1ts=","tSYzN4PoDhmgEMZDQyAa9snyK7exvP2m+26KSS3XxBQ=","A2bCw8vrG6JLeJADC7YLHDecSCmeJPMJLGvHi9K+HfY=","Ooi/mrKWWVwzXW8BMZwhmc9Z9o4cLFzwBeb01G53oWA=","LQmIKet6aevHNCMuvt6wYFG6qUiheXu4NtwleBRg0NQ=","/E+CQY7rEETjki6xxyepMxK+SB3anTZdyrG5Zd96UXo=","OeZFUuUKVLMBUgjwWbGCP5Y5rBIHzRHxNy2xZjg3m5Q=","16TRwtpuq7fFYAGiSz6ljoLYZunVIUUMnLfaLq6rWL8=","LxxgQpFI5UEdyFeLhSEHUnXwNmpB9VgqcAd+06emmt0=","3snLjC+tWq7FuzF2idmDOA3dBQVc0dm7HU69JmsBE/Q=","1IMIoegt7gl5a2hxo3fUsv4bkQpnbQ4cfXo1Idqv0ds=","nGM2qfmNXb514FDJN6I5PBEREd3D/Law0DK5nniWxd8=","F9QUEMcbgACR3/UVMkYRDdWTqa0HohflMolwaXoYeAk=","s5NyNnU+0E4r3D/qlZBbs6YePnsZzmQ5X4O0/nofit4=","1T+9M24+4J0vB0RTK8ol1JH8FdQ8m0819OW8AkXkoKA=","XgeOd6V/9iP69PuCa9GDinLfxdAtxQPn7jA6Cb4LPgc=","x2QsPH7KMSzML+4iRomo7DCF16hJ/Jx+kOLd60fjH5Q=","1EjUGhQ4E7DlEU3amPAVBiqvExEdwmVf74hpWLDe4k8=","vSx9GDKfHHViDLhj2oLpOMqXpb/289bydC1XK4+8qog=","R5yV+P1eF4Rbr6abywrNT9Cd+P9XocLlBefZnXPD96M=","2Fuk3epIc1PqzZOZI49qZOGGjSGyCum2BmX7IvTjZ/Q=","JfdWk1dW0lToC/oPXb8qHk3Ou37F5MdB9+7ktKSmZOQ=","QiY6vWORO84Lbdk5n3T+MwsU0Cw4lRQNY/sedW8bKZ0=","XumBVWlcE164qGgPzhXZPrEQuTZ8QvzyLq/9eYQagSs=","nSFN3CDZn/XEL658qZsjtuQgr6nxvgGOt9RuK4zfkMk=","vNgBik0FX8K+YxZHT8VDsQkMe8RRlNG1MVKx6dnDzYQ=","ct/niNZKEkmGgnFrrwpSd6w1mA7L38YgCzs30bkqzHA=","NdriW1z+X0ipqBobpnSO6IN2w8GE3vcLQRGbJVRyhUI=","vDeQKxlEtTe7cLpdulFvOnYgv3qPa5H8cWre4qxzCf4=","kvfCdp/mo+e2mzUiNneRj9pYz2PPTRUxEMk2RG1xLIk=","CXt9o2eVqF4C0eRK3IOTGOJ24aNEG6eZ6ew3qJshE1w=","InSPJ69CNwJcrmPPie1cytQYixq1IEy8R6ZpX1HUtA0=","ph1rTtF1LJIIkPZFm27otOJum/FEe40j2YNUrVvhZq0=","n8Jsgdmu+QG0zHo7Ho2EtSTd3c0z0kfNSTrqelL6lmo=","Y5TcetOeDt3fJfPHZQKArzdOVLaO4UZxTHWX5DA/WhM=","ZVQXkAQlTJ5b1e0SKurG8tCvSW24j8SKVd21ETJrJB0=","8yTd2CAWFLFnj1Kqa3hZ3ib7Yy8w+3XkA1Z1Q+sd7yk=","hG/TfbbmnOJ8kN9fz96W8euK7Mvmm69H2II6EDbaFSo=","p/wTIajmx/THSkSRWAgkIf/QIonpuCXyKDZWZ4OhE6Y=","ObrS8MnL0idYH25p8KbBE3+dYqPw3R9hnFXoOXPY9uI=","PK+8NvRhEKdyyFBjq3v8+edrq17cCMeszTcHfvig9H8=","XqgWnyiJmoQpmmMu7WNgbBfelHCqsopzIg4YOCCGpjs=","jbygQftxNd/AG1IZPq/x0OBeFIpJaAoUN1Vof9fcMG0=","KUQoZ6CVEJKCpCBINxZP1Bn7GXhQUAL3W2MZnsVtPD8=","Fm+mr1JfNjKyXlhg+wIyAnuKj8Bx2QDqTq+zYc+kLwM=","jsAQEKPmLpVbsCr5Vus2z5e7CX4vDaHNmyYyPtPcqZo=","Lg2BHe2UvJS3X1Li0xPo7lSICQRLYCuOU5L7wC/lRH0=","d1sFOe/YLWOaBel/JCHKwEzQ4SgrlTtbrJFXHyNZsF4=","QOJrY30IltOHJuZM0IitNH/gqOk1hdLHoLB8TP9erVo=","JuOfSWKlKJCiqM3V3k1m3t2r3f8qIDRWTrjbx98VXi0=","261Un2KJSTaP4THtoSEUpGWk6r5dYzQW01yh9AxXAQE=","F0HB3iTQyFwGfJJ+/nfVjbSimTYOG70sn9I+cE88UXs=","xSWm4PRCul4di5wy3eII9BD8vulBOuLzsjgJ71SE3tM=","NeRdAEVTozoLOSM23Mk+jz2kCSaDgfusYXS7FLOg1LA=","6nCmS4ggvKEooOVWpXAwPPhDYSt+VavX9W8U+lkkpV8=","GKp9oxdfjQ/zvY/O6A5tDo6nTMRTajJNrSTkI3CwLqQ=","N1rw0tdX4AE5yqzyffuxXJAzCLtkVIBmZn1bUzpsT5E=","QU8IRTdkh9dJniaAPLF9jWd3HZQboigt74NX1+KQj50=","qAOA3X5Zn0Ee7ZQd+42OqBTudBlppQzpbwn5DWHIE/Y=","UMTr5nVfa2tOpVMrofeqQz1mIreveVXfl+oaYUEo1k8=","hlBLQCYGn+IH9TJ7oCjWpt+rJIWNeQ7dVwQzOY63jVA=","VbtXuvHDGsvtwV2BJs9mPqdIse2G+D7QS2uPwkLm9pY=","lskbtYSLxqH6NDxeRC1evfGAzrHvi+SUZ/jw1/fUabI=","MwuIp+oOc7Ryp0kDTytUQnMkYeVIMvtJ643lAj7T2d4=","aG/yymwq3zcgyoE79mAfVobd0umkhgWlip4MsciPARo=","mm5a4C4IQ7DrU2IaLSTWEgSOPblixFBYy1UHYBeMbbY=","4t4Lc4lRL+1DeS7mVm1Dv7qbhWQ7An3jui0WxucR3Mw=","I8pvobuVPKWFlg3kfO45MAlW4SIqwkJt4DkEfCxMOsY=","M7QcvaWXGwUSC+I5jcgt/sStxYwRyHbJHuTB31QmyMk=","d3+Q4vq33sGFvH6weWQxWFPw6x0oXZ54c5ksCnja+IE=","R/1ATQgnbEnu3AnVYynDtFORxcy/olCOfmW4wNpEZWI=","cgjHNad2j7pgcgiteHcum/Neicg/9L2/BXHTE5LEKfw=","QN0IIDar3PjCCSEovBfiBJDBxYISBHf+NErCBkKyyhQ=","7z3761J2vzxYD7bJV4rc6ylL9gFnqOEboTNw33Sc8lo=","eXIjgKzjC8k4SEzPEQf7eN8D1Mh719jKl+2fZT/YrNY=","InN3CPr4GIx1lqXYJ986lWdclXJ1lGzz8a23AQVa6BM=","nHpK5lODnIZuYVNFUDL+2u37Jhvl19VeaoBo2CKZnYk=","KkZk0V6eiTAi/zvpoffL3PbHOTCmxc8X6QWV926rjMY=","Nd1BHDHoTkqa5j0iAwrSxxCTP2+GmFKvTgdtzLlxFu0=","Rq2kRAEneU5RxGvv+tFsPn++S4LnwxQ5gG3ZlJwdKuc=","iwd4kojefzhE69OFoWuRAF8DRyngeJKjCQ3hVjsbR0Q=","g1tmuIbB+FfXpwvprwHUsWA1lwi13os/j+/tEQWDJgg=","huonT9Ge4MwgYHzBQsxxSoOh1XGJWKGqudiiH4I0B1E=","IFq73yJPdTlX5mB9jmnqz5qxZ7FSo4CF2G/krJ0Fx1E=","5pRNxU3yPuA/1vIVgLZ0H3wy5PlggJ5+VQuMXPLjpw8=","r1f8ot7Ucb5k++z3521s4+JzJN9+tl0RujzNDd7EgBc=","jQ6QYB6sH2YBq0nxA1slqxDaN/mVDxR/sH1SiWaX8kg=","0ImMVNpK0EBWnEMp49PxR22/06tQRwF9Z3hr2BE39zE=","0tWG3OGALi0Xh3DP1CEtRDDuBkrPSfZYCi2PzLTtHv0=","2zQFeM4LnEfLQb+7bw0tcMgdVzXhlv35vI1XBl4in1M=","oTCs516/xRfhZ/+bS999uIwVg+xYhxUPMinR+TNENHY=","ZxJPbNReTJjMVMwEhS/hYmCBOUuI9k3RhLlq3aTeRLQ=","NV1tLPZ38/ghSfxe6C2j/EunEJS+linODczAeBpAvKI=","TRtR2rm47w/XS2joeOMavKpgSlYBhDIkXA2/ggG44FY=","APaVLj/nDmwERVyFQWWvmPnUmnj7Bmbk0ktRLA8jAdU=","VXicbe54pcXVqCOu2zxhZuOdOzC60x1vQ87zzV83TeI=","I95SxHFXGOKyWKId3T0hbrvSKVaUHY1S65jImo5wnmE=","efPfOSVxW5WfhU6V7fIjgzZSVEYPO3y5D8NRuvE7ewU=","fMiw+vH45aEcpQb+Knk3e4VlTG7b6ow4G8fAuJvbDSA=","6BsuJXNXyrnYKALJizr93sfSEjknns1GCJ64nWNMMGw=","lmdxWCxdnv3cznpoaAn/I5ol8tky1cKGU5MmlQIcuQ4=","TlQecR6ooNLw2guZl5N36Cf1VKsDMgo4dij+gEZiVJU=","AvIe7RVDlKlRH+6fwLNO7uiIZloIXMp8NUQjeEuDaeg=","LxVexz59OCVhgO12ZLOuX5OZs0khYSI/OVueN1M0z1M=","7JlRQVUz1aA0GVaUmx1u+oxuzqccoSEv2FwyJSzI6BU=","GbHu4T6c7owgDtqtN8kVU+ojsefFSsvvYFN/UUUpZ2E=","D8IkrctKvdgG2V9JCg6KR9jAN1+grgNAsHsa9p67OZM=","HaiapJRYCGbr8JdvWgPoorSAXq1z4sy/k86Ib0Te/aY=","HrB7/jaAE9jRthvNVo7PuDDq9DyWSptJIzkutTFaUBk=","E/GDl57pvJYLuFKgklnq3zTNX5usSNuwzCiqYFEnvSM=","fCHN5uCz2KIsQIJEjeUYtfwIyXOcQpQmfpeFV72baZA=","OQ3YpqevTSnUg25ude02kc1ZBXxazIHI4licSwgH2DU=","ZrCkzasHniXO9FHbYU7qbMV8kIDyfoIc9cKvqaHkHW0=","PquEUDiZf5yA5Jqs9l4dY2DWL1rKlE68v41HI4QOaPE=","xhJ2fx+lpLmkQrBvQvE76yMCDKeZmbiRPA1lnGE2SkY=","EO3epTqSpC27PfDDkZrewuyHb3SI58CVfa8uHjj6fIM=","LYWbORz6R9mQbQ1RasWyAyTSu+ML3LPBHuRNl9d2a0s=","4TRLBDpfFpLjvxprMeRsvvq+2k6gd91s0/z8uB9m1ks=","nd63xDmw+5LU+C1qx0bZ92dJYJvuBSwhfwOvamxX6yk=","b2EkURE+47Q6MacaS/u782rc3CsEOH2L4IwDzGdFnSU=","FVH+CpIi+EtXZlqhHn8qGW0uzP/a/wUu/GQ45GJww8U=","/iKI2HibuTD7Hyb6cMRV+NCzLPfvM+T9xZB6AtvmTSI=","/xwz+fQWDsV7QFCpdmuS5zInmvbODAyyN1A8qzmE/DU=","yQCXbZySYcpUkuvLWZkpjynvWk2wRYWSWxK43QvA/9E=","ZxU+mt/MJJQEYdtoMRfGpFoyQQ+vWQCNAmbEr06/lQo=","+tFijTTZbjljlIQamOn/HQh0Io76Cz1Ly38z7ig98Nk=","26EZ2WEuTBqr3HJFLUvdKtb1QEGoeUm0fSJGquD6FVY=","DjANuTgh7WnHdRHeCzoSsvokfW53GXtmKtXvwUhV0QY=","56os4TXyrvf/lJM75+d3foTb+NFvivyMiW5RLDxCIRs=","+a9VpRzRfURnrsCR0Gn1rsOecKLnmf6rDuZOK9yJP9M=","MDJoxhB14V21Iub4qcidgRoBVh2d0ODOHjlwLEdlwTE=","OqR95b0hUDxuZzQb+ValR0vJQ8kpIok/thixWD6SuZU=","RyQvbBQFFOMZnaXceTxq8hahMgNa2/tYl3W2qQLdDMg=","p7kclkkPPn2OlHx+h4FkJixJhEBXuXle+kIYmiOjAfQ=","lc+m2YjB9AfHL6nDx8OjJkJVQNCDmlxJtOH5VekYD5k=","LqECCd6R2GSWsB3MLnJrAaZFVMrHb6hXoEvee1A6TP8=","VqjJGLzNmowPvXlzNx91ZlWYReLcAnLCNlgn35MAWVk=","x7Y4gXZKqLg9qzbhmA6AeqtnkmGW3Wy+KAxgvcLe4I8=","OZVwLMCoG0mEa68il6F067VKKB1WvuZQlnUyfbEiD1s=","mjG6M6UNI7wDH7W2osoxHym44eehIo6PUN6eszYV8MM=","ZYW+i5E/+qmkpi2Tqqarzgq6O4eqpnLUWtED3v3XOJ0=","pHKTUhk2uYXskrM6q5HtUXAITDABgZQzQDbTeDBxS4M=","Da70k1liGCKKmUgmWNFQ4H2Zne33hCjFWOXzNiLhokg=","z/JKDtaS5TJfGswgyXmfOfOZn56GY9IM7Mcq7JfVhPc=","NvIgRj5sngD/KFUAocGV61dOtVx1VaOEA/rrTGreNg4=","k3cCOnTT3kLaE5Z4O4btvoxqV8eV2gLmA697SC+8e8o=","iieiUogFK98J/bTAXTu7axsaTT1nmcPVbtnCTQN4Ch8=","pvhtMhBX4sf1nxU6c08wXcKCudcfCXWMnKaPMGE5cIQ=","dPPsNtdmG2eIZwtABU9FJYWJR7wpD9l81j/IpD57r7c=","X8ztwSTeu2bvhMy6XtPxoyGvZLAtyKSySyC0BWCQecQ=","DbL5ZnZ+w1KStGx3FSVpwYtD4ZFHVo5MLOGZeHcyfEo=","OmMVp9KIvmitUDz0z8Hy+6hYqbtbsIm90t+qAaQpAjU=","8ArgQv2ajAvThlBPCae0n/s0s7lp7BFODND+7T75bqs=","vKbx4N6e0f1oMkLGTwYNH3m1dYfwoiPnzhgd9DOjwLs=","mehP5ULSgcyohuowR56j14mMdmYydhQVVVMagI6F4Ps=","h9SAR5xgJtmyArBaNqlFI4YrY3YabPEhsr6aacyrHWw=","ar9qwtUhrf6yfJGcRlZrJNC+wAnRfnwN+dhUJZ1fqgg=","FViFPODYgl/oW6j6eiwzmNHew5ojwYe5GnlRQw1Ijzg=","87bWh4moggFiSxxj8LXzGuyESQJdB/i2+0LYL8adByE=","xtCIktzep7wVwv40Jl02BSglNlx0e7a6NQWlLOXJI8c=","Ir50Dmw30sJRJQf6gOOTF+2zat1R+aee6bPOu53hmDA=","+etcOkPFqbqAVG209PzYGkfd98JrftGHALLPQI6rP3g=","IXEfvfcl13PCDTSiE19y0mvxv0qvsQxWrpjf4FdL2Yc=","XFJ0fvAR71J75optvOuIMn0FklaDJ8C/G6heRViVIPQ=","8r7RfGVXNCsPUmYGn7M1xVx97eRwkl85grFG+cX8qVk=","DJOo2bZCkbY9V+nD3Lf/6hOPmqqUTFGi1jei25f8rhA=","+qAn3HrEKxQl3/uB0IyEucV4sj1V3+qqJ8+gYB2Csc0=","1X/Xmpp1FRjRxJscm3An/AnL5wdfhoqIJY78Gc/4lO8=","jYRW47yJdeCf/0vGBmwWjF/ZifQMvBZd/by4qZY6biY=","POOv7KHyZW+0aJIOcPEV2sf2isad6YatWY1xZ5Yw01Y=","h5ICPPAAX94myaj/oTSxMj1IHKKCjpv0zPxlcWK/wRo=","nQLco3hcK0b+r64JxB3xfs4fBvw4rA+3eCLGvIABOAo=","T0pm2OmA7wxEWQPF4ULG+EIS8xpZOvfPmLiEiFsM3RE=","0ToMlx1LnjccE29XdC+jZOFduYnCoAtnVtqU3SmEGfM=","Uoysdcs7xi3BeMDr8WT2ioGtRT6+XaM2nnV6GCQ/PXA=","oqdRsKT6zg/NrqzJURD4wevbpA12S0ATRKmE9w2yAnY=","Otosh3K6wkqgP9HCYXGKIUtEtwQDzEOfj6FfZARSWjI=","7zwSFPP5d0fcFRSAEfjjyjLo32hqPMNX9uKHn0a2pdg=","91TPx0X0nTkRpILHZsi2gXb8Fr0PKrGQcMZSMNoqm+M=","cmUsrdyoWV/Bgc/zz0Z7Rl2oaNo8SzWw/8EXXXTvMus=","iRJW73GmJmFOteEsxzfy7iVvxnW5mNEUBJ5oLMbuF14=","0Oz0AGw/0eIGuVZ8nTW759V9f1sTURgwTuPsWP3R8t0=","WRLQNQ1yvtkYiCjN32xK1ObD3HwQ4nx7z8dmWo9gfAk=","rdUEs/U0Gqh3GGv1isC/zLnXOLZ+FDtSvZy3Kj6dkUw=","TRakD/Z1J45+GoHYAlq7zNg6ZeLsbyZkK5HSbw4ND6k=","cWG8Lqx6jq4LFxO0Pa52QajkC2V1tqWCmJvTlh12Tmc=","9aSKJ69TbuMoBolamZdfhwTa0/+mxmfYzwHQgpLThig=","u8ezBGZlCDPM6qd9WJO420D+Q+wCrAeVgacVd/Dz/cs=","yYDcgegLdBuo6CpSBUnH82An75juQVHHC1c8agL8S5g=","TaZNbrylviEtrjr51yOrsvPosuqrhLLAokYh40iaJoY=","gaSnhhJjNrt96tUcIexifB4mABGtM4cJL1a+Ye39IHk=","1B/NbgBCIe2OYyGjwGTHAMqwyMCW7K5rehSGI8ckg9o=","eLc87usfp8xgeMPFOY51ucWdTSFketkMiq/TkO1l7W8=","RidH2jQYjGDpOErjg7oKNEqh+BTGCQwY4KB8WfZBbr0=","t0PM8feiRR5a90MkOWonK2yk6W11fwKcVD88deZoxxU=","8I/FHG5WVViBAOys5m1NsMYAYvFEamu5esIFDlw29GM=","jIrdr14LTgvpJTtWvbAi9ULh+ZpXjz4Rq8Cmz5t69Dw=","zz6o7RQCg02iykTQmnUa0q9KuFApQLLIm+Z8kWMQbaQ=","UvHnZPy6kFg5a5ldE8jWwIK14zkd/MoKl6bHRI+Ji58=","FEndHzTgdrSo9l+L+ZBS77xYk52qMARUSfPsaLnXyB8=","IWG/9f8hGtb69k97+lGaSyNEmyWhznk9/t159ujUpTQ=","5vM3lUgv23IVizBCIkQL/Wb47X71f1wh7RIRkDpyKzY=","V6uqL2XgJ21LCy8op5kMbO7NcDZ0fOMQ/03HU0qvP3Q=","nRvJB39QAVaR13T3xeSBAVN+kiXdBDE0HX6Y581vbFU=","uF/Nu3dCX1EKed25pkgAdbm6I+MgAk+xiKJtbDWGZo0=","hOzPdAFi6W9iimm/4GF9A3DyUM9xs3A3nUjN20q93sE=","RcV50q3nKTRr0f2RywvwdC3K+Z+sD3epPY6im45iRno=","jVdPaW7KNMmYx3Ju+63zN/t+nIG6qbXnX/lZwr6/F0Y=","d4p1YzSwwBszkcWqJQURBj2fCR7pAk2j1ICONBY2RJY=","bPm3cyUk042xINI4SWTSeax6sjCNk4vmgUIE4fWne34=","vxQsVJ9n8jswVmEbPMgvK2qWgitxZVG8VLRudL8X8pU=","OPG413yFHBUtoSp71PzBmOLJCG13sXrdiayVjmQvqvQ=","JPVlU2HqV3miVaBurf0iqx8G5V7J1EPFcJXtfF8ezgQ=","otrs8he7zQVCCMzOEEcRE8Y9ovzW4rv8DMqL1go/p0I=","ZrW5E7VfJxz0Yp20lr1XF+zxoJNKMuUvHA2oFtMMkX8=","7esE74tRNybg1kqjW2N+/Bub466mxRpHNcVlfo/cihc=","ccNUNOIakJYj/tAdZI0XpydmDMP29/uM4+VLU6xjfFA=","cZSm3/+zGd5EB9sB/7Gz/uN9OyxfpKCplWQ8dLEPhE8=","f9rfHoRG4PHniDQlhytLYEh2en1g5rSeEH3DtcYKSSE=","HiWTJjL3PNl6gAEn9Bq2B+RmzLkiyFTZKmxqo8n2jQw=","uUCTE5Mu8FRs6qzLCHRIg8Is4iPJs9JhWT5ZgbBNiw8=","RolQ4t88a/Q4HBwO0ddad2uPs2u5P17LVtzzXaoe2I0=","mYEwRviyl7otaLszUG3GTkeYF6BnAjMkimlTVDZXqKA=","w4oUfLsNpgbHVPLqmEjzwj2TvdUZTH3VsMRRWWRJGZA=","9meRYGBa8NhhKWienh5swl+zrjEbWN2TZmPt0U/Cmfs=","DgYKvJnSREG9r6gHUfMsEjKk53Lvggdp2INAtcmYFLE=","mqkZ+SIuMVZ3cet0YGzhtm8Q9YthmfAn6hBhAZH1MIM=","qGACQ+cbs9LuZ37SGcGZsxN6bkauI7gCWe1OcgsnuTQ=","rAjxv/LAQj04OViWhalsYEjAI05Y0RMbqwc03nwVx58=","KWlKerinqDk6k0/n4FVMU6M52RDuJdClsbFdY6tL8To=","RlnOYSOXZPOrKYC3QIDDA1CKOAwATjwPrYSu0tmTd/o=","VXGpeM/Xh6rLmPt82icI8c8VUEKoj817g87drd8yVEs=","HmR0Ro1rLDKd/F0TzDJPgxZLXQzPAGMQuOY3dRKyYLo=","0E8t+VKNA4xJQM85WiFmgu+wR22+4C1vXbPfCPyA6i0=","RphzG0XSNGs0ICP1Rrl6qHVsIwaWf3jaVIKRGRuL4Wk=","Xvi5K6K0aOtSN5MDyI8Pmk+yPJybuzO9ZRFgyT39Qls=","HiAL3WpsrojuzuvaNTrnYJ9oSB9+HMaLcSG+SP0b4YQ=","UMZ/OXDnazqRMNoOoQ45kyxf56rgVn8F37ncnfyDaUQ=","TWdGtVwoeaeDxM6Wvr7ff+tn6jYnPA3UTCps2of82I8=","FuMN1thckUxSYZrzLfzUALYbUZpwgQnyITKofcVyoyc=","FwMJrYnjojkgEqLnyHebnf6hd4NjigwW8QYpyn21uM4=","13VBlSsIgqahtlT7kMRKC3upRgaEwDsMjr2f44WGq08=","OGSUqX9D6uwpQQZTebDp0dEmlsjUcWBGXSV2OKUCvjY=","7e/nM3jKp5VAuC2WOIwc3MhrBCA1weSGlZ80RKKd54c=","WQmbMlwkhU7gqgEF5HcyPIEEFmie1ArDwPI5cP1xg9I=","7qOM3vWLXwEDyvrf2bn8ZjXW+mbfqsgJq+i0PbRiMAw=","gLz0EBDQJ/FZY4Mn85aCkPubOxTrAs1kQmEJnQ7CDBY=","u9RKcoo3qnVFNgS4+Hlbs12LQyBf5m6ONTgdNY7pXVw=","ljSzhMJNYuJZlaxpfKQZ7ASXcw3O5wgTZl6+voGz0KE=","hdEiBJnC4ypcCEqaeGLxiEg5ElI2EWZAC6sb6qOArsY=","ZhHCtE9mnWUyZNbJu0l41UNKUSrsIpuyjTmUtITAYHE=","4xdQtDkmLFo6rG4c3t0aX7BjWkEPBXZPAY5wKFqhknw=","F41pqC1TtXHI8pmAF++fSGKDkH7Ix0DSBdSKtKv54Z0=","ax7u1U73PKQJi/CM7BA7RWRw5gyvuADm2C9HY6Rpff4=","zEimiweks8jvjnVEnhr3mtHiuXYZUhCMjibGm+UsPHQ=","Uy2cEfzGvlONeSH41Uc8LGdvQyi5Rs1+M2jB0bq6vKQ=","Ikt48PwOmSNCmrckgoS72bY1rRVz3tWEBWfNWfW1eCA=","rB+XF3kL/lrHVlYw5q7RDpQihn+Dw5Hjf6mzWW7jxmk=","rqh677l6UjGIPpAdrjBKQX3h2SHEDSrUQGUJHnGHKtw=","CBf0Sp8oiAlNuR8NttC57vjRSBerJ/1oP6oM0azFr4w=","CCsWCcqsp/SBxm2Z5r77iFi1JsOPq+QOAAgL/NWxOvA=","C1CAhPsW2h+LJMDFpbalzvJu2J0Dq/WH4GxdWkUdBv8=","WOcVmwrWm8RQZUrJ9UHG1JTfQXAKkka9MY5U/BVbwvk=","hlWXBsnSbi+wOHK5QHen01Pypssx6Z3JlPaxnC7OeoU=","wIGOsVoo/bZRWTuHHIPOAztTNSuFIxxN5eZG3GixnTg=","zwSz6dWuTLEJaoVvdf71xvrXQPkn/527Ib7ztSyyCzk=","jbz8wslg1mPZyM1YF5iBgizhBwbPKwvx9tH4q8BoVnQ=","2Y1EK3T28RZM3THeizuf0kYHy+x5/yWZSB1jCVRPV+4=","Xvsls0g2S9/HWF5mSK3BCuAlR1c+UEDQPWs7MsDwHGw=","dyC3KAMZP2JZPRtFXt8MLjIgH4RcmoOO1B2UBCIDiLM=","pCADqAGQWBW5nfFT86sehpqxgrUcXf0BimSYHy/q5hY=","HRV7buXoermjQ2ZIX+iV6Pd8DlfyjIJSSsMa8Nuigns=","UkdrBc0uQ0HdVThnhTnEm46xY2n94obQmnCu9L8GKD4=","ZBfu/EQO5gb2buw5YNEeehFxnz/GOKpC4hVwUKPN7HM=","9xLST7fw3rhE0Dol7hbMQqkvmFufrfU7d078Sepr2cU=","6hEyoZ2ANUx41tADRMaupaTHpBUYCWOShnq9SLFddyA=","AWBOxhrZIko4Ph6nddjHsi9osGMUrfY6k8kI/WPfd9Y=","ELQ8POZo6ft0S1XeXvrjm1Og6QQc7j1c0XPB9Pc0iUo=","NpilWfWzWznhPIoOG5GdOO6y9mNnK2/zP75faB3462M=","d8nUKPVAM2NZs6zwPP84td0X59ApeUlelMU0SAbPv0U=","Mhl72kWXUpCx+2GqhuO9MsaKO40WvvT9vvEa19NP0fM=","zl7DnUjSS8yOgdCBPpGb+vSWRSUHlJJZoSNMma9GlGM=","bov/uomBCabw4c+5Wr9ne14kEb3hMNakLwVGt3E4NEw=","Tm4+t3y6ikFxNAwr8L2VnG95Nb76851vwAq4cbo5mD8=","pLTLGAoK+UAeV+0XDBRUZIrRHBD8cQ1Op8rWv8CXiVU=","QHXP0yT3+uMSBdljEDXcE8pw2Zf0DMU2fiGi1OEukaI=","oaRzm5D3Z3LHFgSQvRlnyU16r4LLaqlcoLGd9PFnoz4=","W0LQpn3VTrodwXOFYuVzBMQ/bwgMvdYQBwXJIM5FnnE=","zPR2mAFx96oFNWBGRp9P8ovZQsHdvK9YsyAs3ktB2B4=","0tD+o3GqxnVmJm4PfrmbsVjduWp68n/MPoHMqGI3y74=","pof5ipJ/70AFAMyiC0SVpRN0sosmsLPcnDNRGa1m/ZA=","ZfQ8gqruSYUjzjv6HXF/F/jIYyjUKjBFIy1JRWwttSU=","0V6oaxsOUYkcbHzqUJgwXVsh26wdyZpywaR4nIQLMaQ=","yi33wgZVA+g5e6xFEF1u1vz7etLlvTAom3pqIU3luOs=","siowE2XQrbi935hRbGPWkY0xbT8jJpEVOfWgsxmHpFs=","pFFPFolyLyUHrbf2cSu/hK/T3DrEWYNFXoMVwLvyLT0=","xgdW0u1npZ0d669KsL+grVAzGcoqe53UvByLQgBVIHU=","NdSy/ZCRh8j6JsATgxT6c7mWi4k3d2nsru8MqrZj4r8=","rcaKqGAWG6UUuatb6o5wGq9TYu5mtzEKocLDjHBJDUw=","kVVdnDdSMkFcQ1iowLgpzgtVjAbtRE93tLPsbjb4RMA=","pcMgla4Z8jgjyuF1VbHVo4CRVUAdTI46ZFFBDqpD6Oc=","CmIscKijxTZt6rFaff1cXNkQOUT/UqpX49EWlYwA67M=","jFDNLIEnS5pfM6g0z58KKINcCY0QjhDVamw0Zsy29oY=","SvZIEZVpNC7w4A3hIBtTjRMpERWXr4xE9P3dGtNvILI=","DDe6vqlg1DEjxy0npixwU5hehJxAeVOiPhO04Mup44c=","PtOitqhmx4YOUtiuA/hG/b2Vu6+YbxHC5hkAIsnpX1g=","QWq2q5eATMN7X9DWQS9zj2UllXDuuhmaR+Zd3StRPrk=","2cM+Ef76heETso60UeMc4RfzctzPHHfxGq3UZJIIsn4=","wpgua8QhocHA41aDuSVWI1bME/zFATxY0H/x7gmr2dM=","F+oPAg+bAFqASoQre64VjokdqhD28Fkzj1X8bDqSRIA=","X7rW7Yh+dgHz9o4hgHIge4yqgLch4qLv08iENeVRRnk=","ns8B5lvXbPAXL0S4i68C98r6DgIvoROh77qryT3IlPI=","AX6H7rW6zeYQKBIInSQGaIgFM1bdPihtmekeF9HBHS8=","1dI4iJMc9SqU5EfBfOcQk9Ji7UWif4yWPIREQ5bwu98=","EEknhAEkKo7E0NgHbfeIyMnjo7qXstwVbO6BDYg2p5Q=","Ggc3lnc9xt0RM910S+ZULQ/P7sfR282SaUeak4tfVRU=","l8Bv7yBjlu8zfREezU4GzdSYtSYef+uR2xnTK39A3V8=","0CQkKHQ0wd7RrAmgvHNGR/o0aQgU1+hBsLlzzRzFrbw=","4BzXb+t2MEEMj6VCloYlYdi1FXNj64brpQp1vlU7k3s=","X6kibcDZOa2U9MlaPbkQZdOCr1SduqxqFcj3abckQeU=","/4SBIfX5A7knnb8x6Ek5nPrTfy3NGraNGoCrh6PbgD4=","jjgnGzXVYE/NiJ9IISN/1HEWoLCvs9PfDKjpj1Q624w=","VBySTyQvwqqCpsbty3fAafG9pEHFskpgDB7liHTYgys=","lU4EpqgYOycNipFBkqaVcp7DUnPw8fCTMEGL8nt8NXI=","57trjZNfXLv5oR3tepazBNWvcB5eI4e0/ZXmgpJn0ms=","nCkBOgpkSsuT36kVE5fWVIA55oWQZyG2feaCbgqa1Ws=","tNaZJHhSzs/8jgqCU6+7Pgus068G3UC7cRq/O7EA29g=","3KzgMLf46DpCMuUbmz3lkH6l7RtQtJ87qVwveDU6A6w=","KauRR4VdlGB6dLIkA7+ppEK+LCArQE+ngnpd3S0c/mc=","uJNU+fGVqmY7ELxVpvzJjTA9bmXPeigggfhUtAqAun8=","VowAsUwTqmzoVf89+bAZoWJAsm8HieWwsBL8AhQnii8=","7t/1U+ZJlXlXkoC+ivgiaod4M16qEArbSOrw1+cBd/E=","nDdpfEHG0qfjGnLwf3zsivp4FqPK4BXM3VpTOT4vypM=","cyrEfzfjeTDMa3r5qagXi5wlI7yc31EmQFHN5QC+3dQ=","APGzgl/QWLCopfWj3+4RwGHwus754ddL3WYt4kCUirc=","6niZl136rmwQG2knvHMBC9R+jjSHF4cLdv4Fnqs6CWM=","IkiAwDDgsBq6yqHTt2hSUeTZczzl+JmjBFP9HF6PXS4=","wu2Uw1uqOoqGu52AVVQT5eC7FZOk9Lv9VY6xnRJ0f/w=","e6JEUvt5l5AwQy8d1Fg8uiie1404oAufQOZWretM+MQ=","0oclozDTY5d1MM0y8ySuqJ4edEx9R8a0+DfRlZMH2CU=","QBhlHAyITyadLbsUPP6TBvyHF/t3TV20s/UMXjAyo9M=","u9dBmGyrS+lFOBDYkqs2bpA5fZj8b427rJFJxXQvzyA=","yWa36x4cATNIKH3++/EFPBJKVbG/K2Mw+yWiYEORdzs=","lpxfS3E5+1G65vA/1HxhRRXnM2UaRz+rqNS1A2cJEvQ=","GF25EthtsA36pOu7D0rYcCFL/BOgEPNn9nemF+2JaMU=","oURydOIFjekTdUtuiY0qiV/6wn4BlRol+2YM/m7cMqY=","5z4lpCjlBemFguwiewoxRLlH8n556Eu11as3Jj8uGCI=","SmHVIQdxyTEBa/8nbSpoog5VqsO3wX3pHU7CX1u4ea8=","BhK9CRMh38hfFgT6dBOWN4Te52Tiqku/dSDXMfkFhE4=","l+2WJyJ3hslsJr6WGGrmJ3zA3W/EEiYYji/apNpd35U=","+9odWO+LPoEcApWBlwVzi+lkldyDeS43JtR3kw1dWsk=","KIF4XSmy89IyMTsCxLTQ1xIf9JBUFHPKvZzQYMYOL5U=","awlBTXIR34XTKyA57uUHmo/+UMvW/ZiI/PP09zFq2d8=","uCfGIcmpazOCY5B84dnGIpBycCPtVeft+Ip5t35AelI=","tZT40nqVUtz1AQntPbXv75qYFcLRrcVAvpLrofshYCA=","LuPczU4vLVQQed28HRd+UMs83Idqc1ot6WqPo1jfbUI=","yo3Nlhnp5JtZ9mi0bA9jddto+uzwQpes05hwXpCVppI=","3VKy/oj2O0Mc3EsZ1NeqdCZ0y6gWAUtf8W6uRJUsPpQ=","7EUa40vsTyexoHrSVxibTjA5I1RHb/oPaxa0aRkH7rs=","lFUaj7r+EM11bys914nirdLohCe+RsDlYEEw5mx8Kjg=","Tq+nSOKaW8UflU6tGEecYkAOhnYJco8xElG1AZ5wBKY=","woraiNN0juMjsAjuZwmfj9wxGFRzJ7JoswaoEotXrKE=","AZa8CE+JQRU8VY3Ib3tsW4fWEu1nCkv+jKM06zZGv3c=","nO0tgO+pJHHaf1M/LmrCFlShZ8XB5fQQH2HvUCjRmA8=","Izot+OViVm1tA0jGXYQqsydCCRRMG63lScd3c3/nS3w=","tryv+4iPWzSr4dW96yEBQCscwVWw3uVzrh15briPggY=","Ql1z5+SJtAOit96a1xL9KcGueMsmZpBp95KhPEiEmJw=","zv7V/t2mpzSnxvhiPDQKHMJbyjEjVvRw2xnSRLDnUYw=","27I896/D6F+JCWaqDvBXCS7WasDl2VwhtgfYWGlSW88=","iuhoPytL+cKs5TMig7WGT9hopaeIdEyP3U7t3cBd9JE=","i1Ar4kS3bqdckDCobk3/WAsZvGOzfciqlE18mfEAhqE=","e7h8hpE+VOACswILn4tJOdhmP9WRZi3kIL0HZeJGrG0=","0pLsUlikkFCV8oaV/xFUlJ8N6GMHLPOm2tz0xlOClK8=","6qQ+LdulKsxg+GLSFlOBp3pxwkoo96oaqCizCDOmU1U=","vnPerZBT4MHAlOLaJ+xeyzJJ4GkGomMtnOqTuvF8wCs=","j0lY5CgdAKQH50QD6FN8M0ykuYmy7/IOR1fnc55p7pY=","zFAQEP086lZ6ZJjZiM/cLum3un8ze9onyFMTb9qHkAM=","JL2gDA5N/Dy3QkZ/KwfDUzvKspoAW6mP0MKN3gbgh20=","taTi3/7mD80UDC8yrkrQQtqf/RylCvg5CoyBfH9lUMY=","48HjOkbxIJkPHzhmiYjcPf5m0MnQTNOkdX/Zx3WJSI4=","SPen6HEmbPG5Bqjv7FQlzt/tzR3rFGlABkD1vnbuLus=","cama2RRE6754LcJu+ySVdzfN16xZJSOo3VRLA68Pg/k=","HfzyQRGZ3yb2dRMVdmTz3a5ZBsRgQWNoSOt4sAgXCaY=","JDF6oh5p1rQJqvUDDw7FRywLRUJi6OdNui5XU3GAHWs=","xoLUA7MK6OhqnjM/znEcyGE0PDroT+hEUdTjmNX8CkM=","GxOXO7kUbVI0Mqp9bdiIP01HbYr2HZosnyDiVRxljz0=","y+W/xtVNQtJ77fDUzKFjNx738usS+oXL/T7MLx2Idg4=","OWTfOjObDhLObQ1Ydffe+lm1MVeXatt9hs70hRg49jg=","bX1pwHAWAO6hEdMkLi60XeHTCCuyUvvqr2P+ovP2EyM=","WWHzae0t81zKRCI6whHIWqc49CQXU0XTe/gYumJl+gk=","kqpxEdXa5YGDF7qySC5GxtooQKmMXjeCGTLKbfV0O+c=","z6DloYiX6XoBpiH5sbiIIQIHXkAbLv/4kZpzZg76Fz0=","nWJB4V7Ee+FDSDbCyXK5O1qxN7yeVBrBM3P8VT/x3OI=","bnLSNN+OfABPBdyubCNVRlgmHMDl26Yl3eq7ZwSROh4=","HQ6liN9C2USZnGe/dDfVR86opLBqys8y9cm+n56Ezh4=","ucpCzpjYNffXttoLL6Dli7//6ZKIJJufB2z4US5egIo=","Tzc/pVjiS432vpv7cPVNAdO7pixwiIG/3lEViwenBmI=","Go1464lkh6NtJcBaFJZz+hJMgg7OOiEHORWgM7aEf58=","p8QSSxK7tOIPy+nHfAnT4ZJ63WmgP66Os3BkvdEBh94=","T9jcrNE5FR+hM6zIqsV4GADU69fYQkrp2IBFOuy7Rfk=","v5su00b6/pQXZseDm6s3NzSrkeYYQQQrPa71Ji2hr98=","z61hP13Is4WZ+xP0/3prQc38SB0D0dRQiVNjDq6eEwM=","TqSY/PTtzZh4AFVaZsy2sr3lweZP8KJdchJZU30CDS8=","LMZBI1TvMiukLk3ec1CD81u/GVK97rcxtVmvj/iKjns=","gKzrYprQVV0en6w3VAOZcmr/raQaTqdNxHOgFWI+434=","98CeFhTVJpCIo43Wqe0P+iHS3s7U4q5oBMOa+h9B0O8=","6/kohTEHI3XPo2JNkSWRqFVSR0vbKAf9OWVKLgAUMqE=","4KEk0j93PwemTm8ClFVKgKVNmqaAOPW+0P9gZ+c0yZM=","5Sq2WQLF48ldXJ5h3jCsL2cq80xMfp281g/hjxUPin0=","EVmwCdjFzbqS2YVQc9+8pCh+OS28okgDDS1DVjoYhVg=","0KTBKYbtJrgS8jlvnvUYwa+JsoYvwAVaEh/Karyt5bk=","4b+wwiqDGgIwaa1t3nIwdAHyRm4hSzccLsgER+4bcoo=","trKOzAoKw+AAoLVDCSkEogjWymhxbRBYXKLaVh5mwc4=","hqjybxBBVk/djQwFzUVraBUH4GDVuZO7YA0a8m1zu00=","rHRRxZZH1xr6Ejd3h1H8OqrDz21MGzbaoR2hLLLi4Uk=","P0oPqebwXxQBmAXJxQf4H0FUTEAB0C5fnRrZsSVuM2c=","8+X+uTiFOStqKLfMmFz1ZomeQqPMsIKn/HDtMZD0R/E=","yo1+QvxondATxz2Q8QO8AgqRdl58ORKYiI4FL1NCNdI=","bEOPqYozDsgILFcJdkqSwcHVc1biilzEpJWlwR5scI4=","McQnhIF/JdzvlhUKXDLkVrBgroFzD8zbN+QN/04vaVk=","LZpK8zwvihzRFiG3kAwUwlvHBBwXM+JOvTII7sT0qJQ=","z2xAm54m2sXQp3QArDk7GXrtJoT95qwbu8T8ujJHaEc=","HXZhUMpmFliF0oMCVmlEdeQHHRtdEnQkHAIx8Tn1EUs=","0FOxe0fJfVTR0nmV0rUmDU81db6meupzgObaHbRbsb0=","1/FORrI3Of/fVMeNoMBUqQ2QXzy1CA81SWaz2YN5eRc=","pLgyI8IS1u3+YhRLcQmjJiOX2kYEKD9LZBRJfG6OMWA=","lRwmxsIZwIynpR7q3hQgW8EYzqTUAr6NBtF4orhXnMQ=","05rQyCULjwtlQxu/cisuyBIDIfzP60M45/mWpHM4YjU=","X8NbpSexUeTgxIipoCocZlyQ+z1HxUNSf6tfGYM0BLo=","GAmfHsss9EpfstqtsfttVZN5kCjwCGyMALHPK8vIPiM=","iWICpE5GQAKAf54W9e0/d1jqTsgBgla7ipo8BNdws6o=","f+j5ipyitXZCZfCR9eGOGmnz/yLB/Yn6Y3ofcAzgI0Y=","sgRwqeIpZq1FV46EaFBrS2B3SdjX1zfy7ytUDrUpd3A=","EC4W3890rU9JTu2wr5ZCWnlSL5U+4ydMX4SkCXaLB7I=","atUpo597+/asgc7PLEl8krP3X/x2r8hB7Dam0D0Z5Cg=","CNSgU5wsgGjZUIZAZYkoqtv2jsIRDIEWB5dUuXeTqek=","yGnZMubNHW2JsqmyCjwN0ooqd7NSLPNzKLvfcKR7g9o=","GMWUVHi8c63BVPMTiLAFb709vWD7M4BFdHRS/FicZ+E=","3S2wKcbkHmhYZKWU44LZPJFjPKuYqoZZVwZumq0gdAU=","xlSI+EZYpd+tIzeBoVb/lITRuJDMGvZvBl6iueSz2qE=","G2WLB5x2syCKubAi4URiW9D+EybHgHjnCjBr3NdUJ5w=","6zLw9EagrR1BRRhBerjNUFcJ4H/mYfuc8Sw4kTpsB9Y=","HUvnydFip/Nf9/RbuNdamv3YmOFALGsQJoZ7snwSDDI=","IGCZwpU2Qdy2k+n5Z72ii7NKHLeg7jo+Tl7HLGwyTB0=","a296oWJQRSoDWCgVK5c8rDZKl5/ah7IeX0CyJlLdAN4=","NUV0XlgDhIvWu6zTo2e8VwFO9Lpz3gHTjKPf4GFv3xI=","ORd2IufmJbfnycRhFYaV+jx/+8IpGSWbI9qwxW5s8E0=","tDxEdgPDzm3y5ypqZebMD7bEy7rP/Qxoy6MYLNAbM6o=","o3d75f+bKxLp9aWaPvD61bI22kPo6HOnsNWzkFE3/hY=","gAMxM7h2D/GmPbcG5PQBn519ChDPnEr3TofWwlr1tVs=","NB1q++6TuL6NxuvdYArwMsScK6KdA4SB/L32yfxOd4M=","TyUUi3oJSMW6MplPJNYjmTGPmDWaUtUn2ggEC0Dk+sE=","rUp4DBLRfz3DkrNwHDAtlL5qS6XJiiFFel1qYu0+uH0=","GZCTRgWNtwoP+yC2EedB7kmJz/5BPXYtQ219N8TWcZQ=","a13M1OM8JEz32seDmgQ0kFTTb5J7zDwShbu/BsvPGeg=","vShju/yAgZLLA48/39SLslm8RyktO9M1VPwXsXDCBgY=","Nm6N7VccDbZZFzkNh2WGcdL6RfEpB+OmWlg/S6fAsaw=","fgrqfAal+yD7V0MT8dfsPJk4lIgnFC1cG7Pl0IUF7ss=","YEcKIrrMCIop1ojncPdHobxnKSswO0x7NjEU3uDPoDA=","tuv7e8KTj52uXkNZ27sROJySH2bTlca6sNzOn0rO3+Q=","jGajREJTvRwf4yHYYBckoijUw7O40Us6RxEQDsa4Ue0=","bMWgGoMb9DwS51v5JU62wr5eWGmZo1E1bYUJ2UQu0xU=","jYApb/txzGJWLGblJI+a3q1yZ5MMPKogeGfP6kmxK+k=","pzzpGLR05TmD80Lws+2WWJvlLlmAYnSKYnnFmTfCkFM=","RJDr/iJ4S2M0BK39eN8y442t5K0dzoOO/XvJ0goigtM=","Cs1RL/tJ+lbqiuZBib/v1j20kZV6dBQ1Wr9pYS6wI4g=","WKvy1y/dbSXnaI/EgyCJgwlAQ6cmYOCv8DfrJ2oCd0M=","hK3HcJiJ7QHdLUqj5f3qDS3ABPhPReAbaaJUKB1/2Ug=","WjX/e+jBS15Zrgej9RQ11HCTr+tuXJmXE+TzP1vRMPM=","YhbUp0Rs/sAeetboo2VKQDaKHI0Yc2TBZMNFUyQWTKw=","CfPsXdTBxKfOvBKvbhHjOIMkLeNoZP1kd3rFtwjmrec=","U2/vwhnEFJbfcKp8LkbHsRliEvXnjOgC9t+vJzQKln4=","I9jQgfuAVsugLiw1GUkLx0tS33qfrfYqyD2mj+jerXA=","fqD+jUEKJ5CK9z0WezPkKweeRihQOkuKAlu7MQqdkuU=","8ERyB2AjkZzZD7yqmPc6DZE016rwNEIvJ4ZfJlTuXWo=","CR+fFy+lUNqH6MdHrPSDzI39ex/thN0ouBuAKbWCesk=","n6Y9R/wo7/s/DDpQg5E4zoLPRuiZpG7JoEZiVUbkOy8=","cfg9lEe0c6rJ6QWJwmFpb/U3N7RXCZhakhFcb5E1QIQ=","SV9fRtNKJmNnpp/l5LoRfP+Im5NGCQK7zAGlzG3Is24=","ombM2zBTYpk+dsUILljUcNu5Q7w5mR/0kz9PqY4I+WM=","0+BTIByvblrOhEM02Fmt2Q740JWHS6rwMxegq7Tai10=","K/l45Kxu7ifQRWpHAhtAQFnP9PD+NGPD2oHjdyfgjTE=","0CPhqb5v5lMin+hf7Qqq/nuPadmzwGpLfqWJgZqLkfw=","KJqT+zQ9JQSL4mpVZF8jvEq/bUe5+u3SZntmZYj7uuI=","E7c9/URg6VBt37ilYEpoH1KhuHeBd3HWH3tDYEOYCDk=","TovH02w1RnmjgnXcVDi9E2URVxfaNThw0FpcwX9tKJs=","fJx75UHn88J7GryQPWWPZE8XGlCf2SqzRmHRUR2seBk=","n1YBGYkRkDYv1/4ow5wIf9u3a+w91Ei1WJ06OIuZxEQ=","EDbSTJ1pOBGuieBbSyncRMFXUT2tfsO95P16+LKfXxE=","5K/17J7eyVOPtrvbJVFhcbYJ2IUdrbEROpEJVK0x1VQ=","r0Q6UEZYM4I6Ntuo4dDK6yGFtM0j+4hKV46/EJG2GL8=","EJapAlZ1/V868vXAsoaB/u6mUB/kLgMJQkF4OYIGWck=","L+Zt/LV2VB65tB03N4zQd5eoGD0R+OpR1xUzR7fy2II=","9u+dAVWEKAWZOFhisk45oFN2Tvm0rOdn6jY51IDXtM8=","2kJ+2eME5fEJEfccnIUWUxdRLMA1V6nWFnf+Zs8W/0Q=","ttRq9dPqnpyLgREnU/LG7SrEQKGgh5uJrIKTGiwfPgM=","BKZHXDMzmuRfQUA0zzORi6AV7R9xH9v/8QHDk6xcXnA=","UKMSaR+1P6WlpSyBRAjMkNPnrCPSNBsHuDjjz+ftFm0=","AmDMIKhcav2ox0ufL20N5r6y2INa8qPCF/1QIrzSmn4=","KeGeuIHnS78tiu6geXAxRA1ClGSMFcVYMy+Emi5nhy0=","17o8obO3XfHsAEt1Hp8gH8YTkKC8jJ+79xYIlO89n7U=","AfpKs2PL2NwpKRpYPWCPkdm0mcTbNekBrPUOiNnsHuY=","2V5Zv9uhrzXaG4scjCF3q1L4LEqO831khNIZnNiVjtI=","LrnGkWIcW1I5AiUmbhqp7Uo3uLRg/3uhFwK3Q2ITamM=","DvpsJfCLhkdXZwRuj4vb+3Nsk1ATMNSOk/otDseHcyA=","MJTH0bxFborgw97plH/LsFsDC9+wPzv+5u8+2Azn7VI=","mSHpIOvz+ZBdotyNCG5nd75XVLmHyCwXqnd2VoFIUS8=","iQ7VrbbNDrcrpa33Zi3x70KWJDvRrqysOZSzmXzDfcM=","e8eF8qyWRjO2zJyDiNgqJYai0liVMJiBR/kAN3l/CNI=","qqE05giRGghVFXCO8cURTjXuFBrWf9RFkxv6YVH12ro=","nQYOynycBORyRUNBmAsvhYPpIblondM5iZZFATT/yxE=","1md4oPnJnDwBWUKjjlsPzY7veZfSIFolHUE4/Ys8pn4=","znq1XfWmDcfvqmH37TA+ctziYU53JvActJTVp8LmN5s=","YQrOhFSzHq2ONYqstMtD3zqsu7tbIPIgWuobmhT3Lk4=","I4ZtqTJyyHPyqcPBogfnFvHoRa5WWjeoTMHVQ5gh084=","NNs8qFGfNJgf2wAad5xkRfpddD8lXGIYG1aNX7KL28o=","pgUZyWNn0MGmqg+nwgMHYednKUNPxjityVm573wYwvQ=","4J8xFd/76Okc878GR5YJfMsKzbc4pd5FeFHNNTJqyhs=","KHtLHBD2aXV80gzuzl+oRtqE0a695WlLisjGc8mS5ME=","MjYbK+ULAfvddbg5pI5clkVO9EfMi5WcyULx5LAEDdE=","6MRofRq0NKuDMf64VFaM+7UHk6n75AmPlEiIHj3z2uw=","IlxFajcKUmS4XABWUcP1ZAwSs8gK2nNzflti42qU1S8=","obJ8n9Iu70kOadp/Sh6B/9oyJpQzxlqHWkE9TESiKak=","4NNvUGL34zHsb97nio/OJjJYUG3Y5CC+7B7egPbn8xQ=","zteirbpzMlpP9wuwvadzyjVtiB4vHiaqOQUn7aHNEhk=","dup3dgMabyiuCF5qTbSs0Rx0FeoYgXDslI//7Mz98KE=","xJmYGGlWpST9uK/dG0A6BEXd6LRMMkBdo0KBosqwQBg=","3chd0M0ZwRJ18rd3fvCVy7nhGdav2REEa8C9SjcKwqw=","c4lWdWBWdOppQxB6MJj9F9V/ekuwu9SFid0HtQ+LHb4=","YKXE9SbfkNrMuOJWN+N574qwNyHxIhgAhXFbNFBS3IA=","K5w77dw+EhouLSW1sIuB8oXICNiKFH1Qr/+KAQj0id4=","kYJD3Angp7rskwqr8MpxRd9aGz824AtbqKeim103wZs=","CvXRo/EUxWkKfFEJHj2oVVL3ZWFl4o8UQSLAw2yOmEM=","ODVM5XAR0ZILXGJ44TzasUZothN8lu1GhrZ8E3qh9C8=","RzLiEj9/PszNTgxX7Om6Shc26UczHKyHqUXdqINGglY=","glzFOBHA+dm2Qo9Gy+7Vi1YmFuyVNd6u71DeKkTB4YM=","vQNzRhg6OuP/OIiWAvtZfxqv0FD06C45a56TwD1vXwc=","abba6ObRsJcUH7nJ9eNaRG1AtunzgZFrx64MTnNP+Eg=","5TyRWiqcKPcneuN92++zpUg1eumznscvfgNku0PNDwk=","1C7IEVO5tISo64T8vFIyQmTfg0+x0bUok4uV/U5PY6Y=","3AOSSHMEA1C/H/Twd7noHEVZR6F94xRW89oIBuwJDJk=","T7062q1nKl0kuCy0ED+YyWL2FJZFHbrqjTGNI+Hs17o=","3SHXKd2ygvSnbBkJphwfux66CcdCIDaMLx+V66jYz4g=","IP0Ti5URSkbA0kVThirusYUqc2/oaqQoA9154wwEcgg=","nrHumahoJm01SNgOC93M9grXg/D59OE6nWfQQ4MDLrw=","lJJLbhqO0opS8nD6K+/GNdfI8utoUTB5AP8Wf2kBaLQ=","OYl4kAISAdB9Vz5mjglW7ZfU8gohad12/yVvuTmcir0=","n11/MAHcsrpppVW6o1C/dvloN7A9/JFjnkv+KJbdOZ4=","eaX3lbE8V5s9DvZLefgcTcfdA0RT6q753diepnBpBzs=","Yi5IvLLgLR/oZIFQx8wPhkuTg22ySWDQh7vS85vgyws=","uWDKqP6RY89fPGes+s4IjcA9Z/uwhxQqg4rFijm6ucU=","RfIc+8sHdCwNJ2wzhnzB/LR0/IYWZpj0OvkPNSAzDfA=","wv817SwnLwv46zkoFaLQFWyAluARNA4+XB2/hbgYkqc=","8aD3X8dS4KbiTW4kYCrw6wznYs8801l+5ob5DbVahlI=","qzQHnCa+Ye90yAaamIvwcJ4SdouGbgDGjlE9Whmil0Q=","UmF3YSRuYQmLywkBO3jbQo4OEoCEbQ8+7gF8Xt+Ho6c=","3HcXOHe1Z9u8E0TnVGEayJKocVFnjduHxiLyJ3vHoWU=","boNT3yXh/+QtAFZ/3lzTq3GbzUAsboDaqv2oD1RQv7o=","o7R3IYUG48Pfi08GNIW8Mq1yZ9ZMPK0Aq/J6/cegibU=","jUi6LbA+Fg5TqpFz+VD708sASHABj3gdDrlTQgEoNk0=","3LsfKg7le2sYzXEHO7MsLSqni4WDeNT5hndqj6IhgEI=","ybaD7XnFESFxyM4Thm9wr/ynImP7Tb8QOP7F3ehWoBg=","/bZCLNzeRvOn3ZC0PQsayyftFdDYJwh2hCCN6P6T+3U=","F/FGKErLS7sC7/hTNg8zuoQT/8pOtz48+JC4emaCBk0=","Tj4ig41NcDUv9Uhc/uRlF4CKlrPk2pohWIbgi370Lvw=","8Q6CZYTh9GZ42TXpZVBHkQZpOWHMD6K2PALn+PGum+g=","lfbwfPt1vBniSZMhNRekgSuWWqqmnKDhGyU9TfIf56o=","SnSEy+pbmURnv/J2y1xWRce5yPq+zyiT0/BIRv03xR0=","AUqNjityUD48RxSGaWI+argbuJTYAvGCWGqLk9fNOwc=","kldocu7GKtA38730FYJMv765cTCJqHMhRq2NUf1FXX8=","VHD03fnW17DIbkrbMbqGY6GMQDenLjBnkhBh3k8C79c=","TO5p0+BID6v4gqcNvUH8jLMMYnXz10U0fmvNyaWgV3k=","02WvGePL6bRnNPHrHCHVVkky948QYB6xUQOiNHcBeaQ=","O75gwB/0+aHO4qEIs1+NE6EsQNlwhMymztG1UGD53F4=","T18DIjFoey8V0CPKjTLQylJabKdTXqV5V5A54VXY5Dg=","Pw6jAgYC8cN+N+z9pnQdr1aFwUmqwKHVPYiommPhH7Y=","sdvaLYl6xceiEP9SPqUOqjc0ietQpHBGv4oOdyM+qOw=","cm7JqVzoVUMZhVZyBRigBXEso/cdEQVxpNhOfSvQzhs=","/cjCifMwpqwPhzrEHXRPZtcZJlwWTwm7MMkX/WUXKDE=","87fLUYhVatJPhUmP6jPSVykv9XPv6WcezLmGnxBB6s8=","z8alKJoAuEgxp2ZoogMeg/X0isUOx8CULecfIGXuuqI=","zUPxFHa3H660lp92ZdkaMjFQgWwhyR3qwRqw3jlSrhE=","2/pHPmUTQK6bSyiEP+w2jG6Biyf+fxPifFKUrGw4YIw=","kZQeWaosKko2WX/vkOCJigmtV9XELouteVK+8u8qUdc=","mZf1IivX/4UNymoanFNORjEO5s02B8lu1WSJGwwuT7w=","8E26gQ1F/wcGpytHowlb2fdkGo+nTL91NJSgLgehQPw=","4IhcnPRfMddYbiXHNG17VheBn9byra16uIa6MjfbN5E=","bSP1OBnBezAYPThf6rYnwTCaBUYshFRTKm5hMgOD1kg=","xPMaOsryqVC3IISYsWiLeBrGeQbGlGb04ge8fx8OQQc=","573lUTSV842rLOMll458O7BaAHdAgQ7lZ54kb8fkfjY=","fBpUBZZWU8tw7obFCwdoV8WMoPISH0kTQBZ+gMcumcI=","IJigcut4hPN7k+erBM2p5Bgfww1tAYoFcW+ob7TPrXI=","etsAzxSQBnv8+rNXUiPNCIXfIaoEY2wA0jA1Uju9Y2k=","dltP2HCEehTqHAlm8HufjdW7aaZcWCZmzpEcQpIgemc=","ys/WqCVFsnMCy5uJdxDA9EB9yM9KJS5njGWU5phJYa4=","HwE8cure5YWIFXMyML/xiczuHI1N82GPAoMX3+kAPi4=","G9tZ3ilBdwLlxBlGo5xv2YObApJBLwA3/fgjgBQsXOk=","sHRhrEIsPwXI/Yy4YfvfJnyLfTgTQRrjb5nGWAz+1Xo=","w6WzzkgHQ441zAnBLqOL9yS5BLdWBxxu0dsQZn62UwI=","oCSuyUB2OU3JLl20IwjRvBMqrLDx4L2mAnnUYQKnsRs=","ffGCkNc06MI1StsfrbQjpQPSF4Mysrn4u4LpoEnxKMM=","unww1aAx1bDHsLUursnvyqVjkqOXMA8eCMZWYgtQSb8=","QeP+6wYFEtuN8u7qvny9kZqau6MqjZ4lyu9YLa71sLs=","7AiWq29Xi2Ov68mNqc7bC4r8T1DiZ8cgvVNtRuCR5XI=","xxvClrOr0UzLheFMi67lAqhfamt7u5sPtVgWqevh+LU=","sS3w8/BHrP9bjHhFz7hDdh4OaGxirOYiz+yb6f78ajY=","a9i5h2gxGO+sjuzW9rwi8TxBZzvLuTqxOr69D3S4VIo=","wMClmro5agG+DE0u6QJnCn4t2bnP9GJ8FoC3zC846K8=","YXktyze+7P1cp0CSpO4F7F2iWdBenu0qYqYTpyGhQaw=","xChdt2+wv/A1egu8fak8xbaFtNS7IGrRbVRiMg0M2XU=","JLMkmViB0d4iZqtNZwqGW9hw6XZlyW3btuUo6K/AD5c=","tQB1npB+CUImfBFADgdWkuCQCWChnDA1MogBkegG/s4=","JHlcy4YZ20eKno252GLkpIsg2r9rV4T/mYSKKhrpE1s=","hY4w9aWxugNAwR6sHfVOEC1t+fUlTiueeYtmVb7/lFQ=","oU/HIQCWaB1JM/dsDYu4DzIYYQzmD8SRgaUkkxKBgww=","V6+zqLyA+PiAwIvOUiUJ6v/M5JOFu0ZC4UvTEAEp/+Q=","ZjGVt7TxisI8rH3P20IEltXm9Z+ytTc61PNtPMsZEHc=","iMjIfLO2rjvCEDM9i2dtJPUOlY9lgglZaeZDojThHb0=","INivnDzizHaE067frkRfgDPwWPj3jpokUQ3qABkdQGs=","VMOSiTkCrkBDRnBxtcEB8cF4E0KWg5V54SuMKIpNE8Q=","cIDWSjOl/OUxENdBtRGa3TOElGXkEmQz24S8aLYBdgw=","EXNeo9hopZEHx3Sn03N24IY8W+DjfSyTVDPb5Q7KXNQ=","cD8E5I6xbRIJ52giUhJbe4mMksvmYBldkNA1qrAIn3I=","0Gq0qs0O/pE22MQQpe6R3W1ZfGnaPOaaO1ViB04UOuQ=","5fcYS3E7eChygea/8b5vcb+C8/NdkJ2U+wdoL2Bkq+4=","0U70iuxIZ+/ML4qsAUisy7y80PBPjzdQfm4LrO0CY4E=","CjBa/Gy9PVey1dnqO6PAaWvoNM63np+6kErWwTwfNA4=","hDSA2992wM9Lk0BApd93Y20SGILgLvIruodG1Z44s8A=","WhNDe1VvVrwDNNoqcRHAacqtvPbN+EUi4/5A0XKOfbo=","IJlwUZleuetiVLSC4eHXpQ70n7SRHtvuXiqL6YoUmPU=","zWQRhf9SBWerDlTjcmA6rlJ2E8YYXkFfBDxfwBhIS7Y=","S9SmaPXDVtxTL5VPkHJnKbWfGUE/AvQPNPm+kjhF8vE=","MxMVeOHaj5igGz1O3GCez5qBGloZlJm8BVeh2dPVU7o=","2XiGTRiatM/bR4AouRFnlAZr7kcwHtGGaGz7+rTlDhA=","GbA16JpUmRTzNywe+LdA7DvQbc4iMdANQFBCxJbddmo=","OdGdQdWJm0pZlflMSN3/r5js4YXuT4TUNZPWT2/PcWA=","azKooI6ku72kmqsFGR7Xf02bC9buYUkyP4aObdB0qTw=","/jgwJ2CZTGmJNezy3kjZjm2aZGSnPmVC2KLC8vpOpnQ=","JRjBqrdvg0zZbeSg/u421EEzwUGlZcqCb7RvoTjOovQ=","it/vule26QzCxUCog6d/BG9CAYuXg9oQbpexKYaEzpE=","an6GF/RCP4ua2S0ElP1b6LlSxhnAK85z9Lm0ZCzw9gs=","eCffF8ywclksUtQ6KLaDjUlB3Gd31xiX2jQsXIPswQg=","ES/uchFaeeauNwywIzEDmsdaQhz5hq3yc/aGF6S9TMo=","tycb0KuRrYEKA5+G7RXs6pcappP6mube+ku9F5vqE1I=","LyW4IyPCcgmmOXRLakZZv5rJeKWwT3v0l/I936GdhWQ=","EtWLbzNN9tUOXY0R/dNXuZfi4BCjTYMBi2EeHSXdzqA=","mh8S5H0FwIbYOBpdqqnLElZT7ye7Ftg1xK+BrDqJaoE=","dh1LOGXztFU6j34M8x156YyXo50GH5o0QEHvJj5JQm8=","PEGQ6DqbgCp9+gMEC/qHFnAxGibs2QxLo55C1JFcZw4=","ucMLNWWOuFrMbBGhOPGJhLP5tbW079z+1VNXA/FGKA8=","41Is/Ju0YOdE9CMVpH0XYP7az7tJAibAC9Wy7Sg0lG8=","Mmg/Ets9qQD2Rl4AQjcNqvB1LLT0BtPnTo38OICHZeE=","SqHXXULP4mDjl705KO7n7egZR0UnXjSRLmM10A9Cg+Y=","Yy5hwXYnA8rB2DH0zregWfljnDUOZegsjGfJFtukwD8=","5nmSK321ewKvzIqzR8VdZKGO3RNVlTPrRrXc10URa1s=","SOEPm8Kiajv60BN4lzIJj+G9lWmhXXpRJrQVtjwOXuU=","AkG6wy46LxJJpmT/6GkuRxJaiQrwwtYp8HQ7cR5NMBg=","bDN4GWI8jFnlpJ1toyVFZCA0Lbs376gZ031pCiEixrY=","opdxomg3VHhsva7xO+Ee+b3WCjc3cFbpprufyRBJSbo=","aUX5q3sPpoBAEkh1awmEUMzt65IzYu5zgPWVkiaVnCo=","w0ZvrTKPX6EKn3XWwVeJx0/S8JjNl8b+MDn66NWpqtA=","NC7w3A5lLhlWJUR64b27/uxPYW7mK/pAjEfwkF6WpbQ=","F0q6fLrwRDqfSi46lt4E5uK7GvOxUtVXup9v6ezSMAU=","J8zhCZK01vU0YzW3t9I192Eivzd9fho5XhpikcKkGME=","E4l46Uc+LCIGCsv0FPa6jx437rFgkrFKJu611oXgU7k=","UqGrfI3lHkNCEp/Krx6HyY14aIY4JJzTx13mX9JizKU=","cuq9370nVJPqOMqZ9CGclMQCrq+e4UmredSCk5NeocE=","7zkKFx7LxOc3tsF0xSlGD1eClaR/W/13ADhv2S3A4jw=","kqwFYsEdmcdnYcb4BQD1JvIxTDZ5upCN15Nsh8ZTCjg=","XGRw8/RdeHhKzeLmHtl8ql7b8wUHVMp5kaVSrsN33Yc=","4TkPlXeuAKWDaMvfBCzQKWOXVOA/8qwwKZaOEyIaFbM=","eyluEfTtrkDdTkZwsvt6s7lyFNxV7QRiEVu/v2Grv6Y=","qxC/BKkgIaS5UQ9JRsQNpWqiDF0p7lPqw5KzrgV7L2Q=","dZlRZvVrr/WqzeQyv2dMDQWCpdSd/haX07oV0blNL1U=","SMpAS3CKodJs+xcqMCUsy0Rnfw6H6jY1B/s30EE7VpI=","VlKnS2qmEBN2KlLoZLR9Wp3eGAEERdEuEFhneaB2SqM=","jBjhGB5/Qv33wcU/z9wAJ6A8gyRDA9PaRuroazuBth4=","ZNy0czAqqUeEsLVJ/r/cVPzzjWfu2gGWtUXs0M8h3gI=","XKHR7XgRwuMEhFtUk9ggkr6aGSCrAvOIkEOpuRuhiTE=","sHD1TB5bXrFo6dzBUmO+v2SFl0QI5EJAoDP+4+Fyk0M=","9MdqdDOqW1x0hUrYoV4ssGurUrq6CN9C88aJnGOROug=","aQbaFAEzZHke13VORXoILUUtjda6cc8ZHVDkuRK6r+Q=","gz2kgClqV+ZYc+Zd/xretR3mlTeebX4ddDVX8z0sq78=","KVJQVM5vEAVKeaFxc/9qwfg/1TItm88WohWfv8rBWzA=","yRt67x1u2bjo66Dw77/qkjA9VtEcDsou2sM5JFPtQeU=","hi+LrkFMBAwHKLxnyZ1untw4sCVWSuzmsAfWurK2LGg=","StqhCF0hfZUwekns4K27ta+Oq1GrPta4G/gvtEBODxE=","Muj9ILFFpRMpt/0BqDzQtf7rdGHipi27xgkiwtSqo7U=","uT8NtjDlwbB0e3eH2OeCIPoSs0nrmBPAK+A6StYrIes=","EhiIBsY/1ugySrT2Hbr/mO/gSNTghuegM6DYsiS4Gp4=","J+Uy3eP2Emb610YDlnl5LgykyipEk75hKlau1aJ1u50=","kxStRnQK6Kn78ntjzDR99HSEZ4lpSkHnn+B2Kg3Te2g=","+6oeNw3uDNefFFtmHliQvnASNlQskXcFQHPeo26Omlo=","aKVhtr6lwj/eEMax57aJ//U+3Vg3dwbYeO4U7QHbPPk=","28g0FXekidxYb5qMEzxMLIZVoqQ4UH+l2EpOEgqjlic=","5CW2kgYptghlcu7UXC6BGfoepcRZcD5iDfU0zu2oOWs=","28v73F2J8/T36t/nE3CSaMSiRAbLVOyVX7hrz1TOKTA=","3SxEkhChGh0soiD91qjN/ajH3eJNyBA9npzRGZE9wqg=","b9h5YEzHiu/s9klnsd/A2B7WgAeNFeHRcLMyrZuXE/I=","w/xE/jO7mmq9KoTb21eBTQX9LngnS+zHORa8Y4IljJ8=","OUjegZEOB6W27TqDAA0FSixYIE30xfQY09eZGDUfYl8=","YMyLpPGrFvLcmo/eZdyERBCyWmcBHS7RRwOeHKtarCQ=","69vBkbC6g7TcEVtOAMutUnsafwI3aeki3bR48A/JMZc=","uS36J/nqxPPrZyrdeI+lP1QOc90dnE44jvJX4/qUIrs=","2SX1fBnL8lJO9ed+8z8xwwIf+7BcHTrD8j4gDjugB4w=","+GG0tZtFyybxrP+0P93+9kLlKkLaK8gO8c06VQtoC2A=","H/4QQJwoRJBEOulkbp9cIbcq2VLcmgX3t9IhwhJjGik=","x2AgzKD2SD+ZHks2z+oZTF7sKxDGwwIcFSMmjpgTyKg=","Ddkdd2j/UfDRIz9W+4L1qYjEsy1kcnycaQfW9i0ZV40=","LETxR43uPdMXBdVwJpxXIMq4P8zRkBGiV+GpG4oozbU=","dCBwGmCkpdBjWchdIcQ1aJg3kF0HOkBh6nT82ui+P3s=","VCqJTa9woV1aw0TZr8rsvN79moGv34cL8u74JC7uXbY=","8PPN3bCpSnwXuiNRRyKCadjMGpXoFdP3GaK2ApEVGVE=","qDJCYuBQBJ9O9Adww4XKXwboUslB2C4nkdDxZ5MgfbM=","pUHJdYNmyBcKqKu29gHkF14OSaN2Yh/TVIsvZP7pyIE=","DkAp4sc1HLZlawEXHa8AMGuWg5LPMWlqwHXvfm+HJZU=","nlLCkdctxKM7a1Q0zwT8O7hiJEupM9b39CAmimet/bg=","E2o3u8f3MXFsbHx6B2Lc3ICztqW9sLVggIFKGGc9UHA=","HpJwoMfB8tedGDniBaBaxWaZtLPJtxmDXoUcSwDVXzQ=","IIprATJwPRFXU87wc5QdffYgrYSsepR2Gln4SSlsWt4=","dvhAW9rz3JdWKettRDylBcfkPKbBAdvzM5a3RibkYeo=","fCBOLlTy7njMJq+I93jZt130muueHMKOUxS6N8Ayk7Y=","ej17+wV3DFi6DgaKP8UZ9kEyiYJVEMgLbw9I0OyGEeU=","pY4PQnCS7bDskTeHQ00VRJr1n1ahdSecPRBCmZjpl/I=","5xtTuuAlLYjYuniR+DR06OgrXC32mp7+Q+a2Oey/0SQ=","bkaLsCQWwRuqT3rgH8xKlnoioES1L5Yo+9cto/VhUKE=","Yk3lFgGSu75vo1G/UzGZaEBNBtXXwnKDb7u5T6oNF5Y=","ejFmAoXkmfLkxgPjfIhA8H1muKT6dwJQdJdTx6KHz0Y=","5DJzvT7pz/wI1nF9hwn4Pacu45zPPoXn8+4dO/uALII=","Uv5no9DcypStpdAzqxEjNSfNpFb/69Pai7eH+A2I5jY=","QHjgWpQRorGxr8GzTWudKFR3sXxKsycak77XiUzcNl4="],"block_size":4096,"path":"build/parseHookNames.chunk.js"},{"block_hashes":["nizVPD8ey8VNRfjXLSqEfMRh/ghMsRcVRx+eOJa2x5U=","YWWw19exsZhltl8CWMevr/bt0xrSjLvQVBfn8Xo6z7w=","r0PfaW1isWvSq1cEtB5kOh5wQja0xdBSaqKSvb2kq6Q=","D7fv7u2gbsKqFJdi9H3tmvCQyMsvjmV72bvbmza17Nw=","3lGwskMohVSq0OqEfkJ/QItPrTS38WPVPOGl/WuRCDI=","kecmSpcz8w9T6rD6GaJd21cTno0N3M6fkNMmCgwDnj0=","MGj/8DGzoz6RRVo+A3K2Ypqq6xo8clfztwkJZsSl180=","C3koTx5+tp31ILSir4O894tFSzngh6mF9Kp8mTdVwjQ=","GLU4QO1vCSCqp0/7U89hG2/fJG+1NbAZOAV/+VI9+ek=","TVJGW9v8zcAVmMMlIJi/q+QrI8cMKo49MpyZBgchd04=","tfxFXq/hSucdEH7Zjown6zcV7V2fKQ+gdyJqoKFT8Po=","BJOZMahRDrhnfZ/gZIsGI8h0y+XyzS0v1Eg9AKH0H3s=","zWaEsVPiaWwPRtqJjiAbd9U19uxsdrgGWLuZp3cksxo=","H1vbaW28rCX7j0XA2jldA2+J6a9oY2HAuzYujiTH+uU=","tvp3j89kTI6UbjyLRYK7FU1RCgIIqhbm7OJ068PXuBc=","VkTUdhiONMTZdom01qT/qCH+RB4oFrrhOq50KFMZgPQ=","AJTch2/mqaWkkeBHQy0dpn0R7m1HREjZn+BbsC63S9I=","X4c05bZ91swUsICtAautCA+jtFe5nF+l/CxtfC7F650=","h0z5UOueOQgWuGEolXvsUKhAdxxRm9FaOuxTxHVY/E0=","p89yqB54VIAnyYvjhv45CxYLZdVDeD3H64AlcAEpk2w=","a/DToyrew7uR4/d5J0icqrn/tE3Wd2mCgFDdX+61kLg=","0CF+9sWhbV6KbHL5956P22R2lV26Hr0XfTl4lEZV7Os=","fXLzeh2puIyjgEC5VxsiVe3EOBvPXZKJbnSzP9ThFX0=","2m0XhbSUhlrXRxNfSUPeMpL0+wyENNPdBk/d8kp+GSs=","Gb91lycd9+B9QDpnfKQBAQTTU8hGwZJ48N/waX/UWiY=","EiIgmc6m39Pvw+Ac+YF3iQv0gGdSsoQHNElqzN6jrkg=","SZlQHtb/HQIB3jyEOs4AE9xftc7Fw0jlm5nG7LDKWgU=","I/hMZXBZjvkDwIbLZEn8aAMs0Uth7eIBEZ+d1ScN9zc=","QC1ZZq82FlD6QnTmmtU0FMn1PMiQ/H/fnypFXCY4Tu4=","VKo3Z8tdD2vYLmrI0KBaVU2By44IYmTlOxKVaidbBeo=","y8YvfQ6z+6XpQ7g2d1kF2TSu3ZuUc6gTdcpHGU9qbgY=","GKws9adi82ZPDKBquoBYR/E48b96V7RvCCbCOsBogzU=","HMYH7frJwndE6KCHEFpYBVgRC2gJnb7qbiGedm/AcsM=","6Fz0brKZb7txug8tMenTpOVAO4ShAWGJgRT0Wk0N1X0=","tK4uM1TzFmAKK5soK4XrTKx21ULptKzHfVXBaTHYbiY=","+N3JufO+IdnyHOaym5DjvxziRyFQB0mQlfBoq8x2+50=","02FbMyR6gMqFyC6+bHF5/Bb/i7a83f9qBT7w9C9sP5M=","STNHA1NPVuSDUfeEa306UWDlzEBcqsIpKZhU0ugiFVE=","DdcbniSZc8ZrY7D6n0EESm8Z7iqerH/RNHejWFQBcQM=","8la1d5JRW+vFnpwveG9pfCWrlrLzecKnnf/1sNqpBUA=","FFFhcNBpRqbtPlY7b8mqy/CCFQ4R3P3dk1bs5NBYEdQ=","C8tEUIVO/ubdkEZ75CqAwf5lyEH4AmSkz/7j5nsr7pk=","FZzhaI/KkOKpNOM+RZ5/fZLbsnIDxOST6EkAZwZD174=","8/p+18QCpYO9JYwmIn1iTogXQGUnvfBqI1ysdD6bW6M=","MqMM5hBerFL76cdDB9r0LTEMI3APp0goT5XvX1o8A6Y=","1iUil1CXmF0CpYomaJ2hZnec14EP6YeM9WOc4njIA4s=","qvBxIAzYyFzvpGgrvfGz4ApsXbzbgPPq9uNXZc3VgLo=","nOdb/hA/cFzetpj6+/pqBUNzDC06kFAr3KyGeQTdatE=","OjyZS2GhRc2AWXQaMS1bDlCPq+6GbcbsfK18L9BtFZg=","isCmKfJm2yejIzTem8y4NUMp2nIx5GIHi7L1AQN9s5E=","zGpEQ05TVSsd0IczGQoBwO/jd3+JPsFAKWXHeKke3Ck=","sCsK4vlLvwwSFOHgluETpQobde/UrYgV6ahvoV/jVpA=","qdPz05Yo3a5LGSfBWQaPjN6lDkrlElsm1b/Q8RWHbnE=","zVqM2BahUMAFwgSApjBpmjQNlyJEWs4TrNrWdekepzk=","7t3dzXQGaX13Yx299q5y9wO1wlgd9k4k/w8fJN5RUGo=","hmvvM+zRgtZcyyHPeT+Ruc0HmAFhr782D01PHVhPwls=","nUkPzTshwdtoFpZjj7FFmgyA6ufAXq1XW+wlJSuKs4E=","tLO/vW8a3clOIQoX2PbQRbRnzfRVIDV8aPqmgd2+YOQ=","q3i6AtZ3+6NrpXy33e3zXndujTkuyp39GfBU+eprqus=","g2fAY8o48/xSen+iBxFMHZKN6mgD8wEE4TCyql3sv0s=","HSrYv/OFQx/O1E1SoOsZh5TUi0CwReqd/gocRu1MZP8=","x7dYmqm+r0zDRFwpusgK8wpnjs+tsRo+O4s4HGh61Ss=","eEu+qA5eCDSbcJSW5Xhy6S09OcD+mAjAIHo3tIcYzc4=","bMidPyN/DKatd+q48FSwyAs55frKswiLTw4a7YtTM2w=","Eu2I5BF6SoS7w8nCYzrVjovf0tHuCvYpy2uCBozc7N8=","aDN6avi16rRVZq2jZVhqKr5SZbE0DRITM1UkCePVVNU=","8tMyiMlB9huL6iUnOHN2FOLvEtzRj+dcwMwS5t7994c=","s8TcLz2uJViAQGeP78gcFjHePnSZXsuTh2zL+Gnq56E=","lNQBR4xLPWFSUWJn4E9KALwjSzlStu4vfQTau33lSHE=","V332oTKhftJ8CTXQs6V+UxPFm3vOkZkkii3E+DFczxk=","dTwXnlQK0Fyf6RjEiA+b2/oZxtl75eWJXLoStp/Lvgg=","G5M3yDqPNIjsqM2g0Bm8XPxmGBwtJQkJdQq/NUGb9jg=","8lNq7BnPFW0INAMRiqPHSaoCoaPxyAqiBBYIHEukiyQ=","ilO+Sx2JY4204BrfZDXQaZRw5gKEn4UL6uiftXV45Zw=","ddgj6EVJgDXGS32klAzBNARYIt4Qi618aJ9UuFknhI4=","dCubAnApob10LkOnbOnRnonlGaUQySp4UXPm8ey4DWs=","OJfMLB08eLjJd9+KpK1M5wyEmZdFYrei8uEjs2wB9kk=","a8/+00F1b0TD6Fc9U9C/PRfJIi9tGnXKegp46LDCjmI=","HtIvK6FbHfNYV/mpKxjjz96/LKqFoRo2azSu9eoB2OE=","Kwm/s1Ts9qq43br9x5nPR5DMRStSG9tVVyZj3LBWnmQ=","3CFDM1xh0jk/PCm9+LZrJukWsKzOflbwl0LRp1hCH1Q=","go+pvjM+U+pubdq8MaDI7IKweicgOPz0/Lcf/XYGn5Y=","IvNvxaXjDy+dDp4IKtvjFtuEAve++P85jTCaOa4SPoQ=","/Pd6/1LEaeDGNwMWaWa7IHypsjZeA0FzP8HHPMzFnFY=","0BwAfln1/viNl74jEpg1TeboHZBz3Cm4188SaYMpTgo=","is5De813MNktE/7RXd+DhtaI002YL+CH75F5bfbm9tw=","cRqITudcf2TF7GCJcUPqrWoeSvMMPbI3UzkB8K665uA=","kWppfABhbROdQyzJfqJZc4uyPci3SIBSJ5hEoFPBzN8=","zON5bqKajBDqzE0BIf4/zHkbeM+JVvssOloFyxoIHCg=","yym7FyBBzpBx0u+7zOFTMCHZYYiMexRyL5c9bIWI6NM=","334DkOS3jrE8jM2rL1vLthKE7h7uE7MKEvMnoclV6I4=","jcnlAdIM5ueOU7wAC2Prwt8+6jAJesuPjH+YBAUQ/JI=","ZAlU4NTFsr1v9DyTDIOz+D1YzyHM7RpjjtcT2GgJ75s=","AdrbjjAVpj9fLxRtO3gTTeSdVxqbMz6E5uJpEsdncGQ=","B7260g1mfFr8wHzYtDPCP5mF2zHbCF+/mOLCdNcQZZs=","/mk9Fe90FphebvE+ZT5zJ3STeRyxK/cBlgdMYfBLpiY=","ZajCx7UlhkJTRs4SdH16HZcU61hNasA+CcvJVzWj+00=","7IioK09fNc5bYjjQQQmSxw6gZ+E+W+GxxzEJ18AU1+Q=","hjIafICnjNVGhjjrGO2gR9rZwhKKswZUHQYA0Sc50sg=","80UCKnyoayPVhmb+HpLvE9Dbh4xpdCOBBJVUchQUNtQ=","7zqjsn3r0IOm5t2ucq0C2jlSXqW6qeN1rEkD2AgOkDI=","b84p9YlfAp3P6PCwjIBQR35t4q8mGzcwAnmTyF/xlmw=","AVaOMOYqlmKmE+bVn+clmB8wiaaxqqpRz1nD5Wn1N7I=","SMj45z1TIecwiFLuPcHtUQ7J5FCS7AAW/tBN7C/e9tY=","qoRszPDmXZ8s4ZCks/GQi4t56lQXkg/+/I6EsR7lS3I=","vvfWT8ATonsIJJuFhui3i9mSlvsW9f5JqhtOBtW0970=","A/Kp2g7gZqzgTqMtYwb5mDT4kObk+vr/IlJv7jpXU/4=","S/NJ/SGrXBboPndiW7bpnxBQ8hZfzoSS2hgfFiYjgQo=","8gO0Rw0WvqHQ5H6JSu0hKIbpwsbLo9ZK8HGPp1GnIjY=","+CaPaBZcbIZZ0FJxV/6ynQVivUKmm/gcwKe+Ba1T+rM=","8Pv3kTpVSxQbGXfoeCSiY7HfDOSsV4yeTBY0b6y1oQA=","JG4YQrYhRcfeFsEwhCkdw0poxAcMVW+D87dF9be6Eko=","wj8OZ/ijwH3tebypO68FBiUyuePKqgfJRuOe7dNccW8=","XCR/xN/uLcHcj0ss37FIwBx7t+KqUr8BBrd/P9HoVbk=","SYdijovtlURE1SqNkbCLHEW/dWkgxi0eKJhR7LSBW10=","hyRCwS23w3oozWwQjjuVXWuSiqGDwSNRZofJ40t12kA=","aFRGRe5iFoCz9JjTVBJBdt6dEOi/ZKmWD3Tx+Or7FDk=","PMrbB3UfWxJam/Ihra0WqQwmOomGHBwdmpkwmnOWK+U=","6zJvnfr+FiiwXfO9yvFhErilcEFOquczjYDZXimHCxE=","ob9Xt/MoGurdMQKvbWj1s9AduP9ISrhOTKahpqPbUM0=","DSp824Hxiw+JdvFkYbdwOFJ6MLRBe4eNUDAQy8qb0dE=","+BmlQGdCEK96nhOnu//RFWp28tOXQwq+y8P0WCXNY0E=","7kvlq+DeZ5dTUXb7KNTYT0lm7W97uiOUiZcNTL8kx3Y=","cBXttDhOdHteZQDWB1eiSQ7dxhI+5gEuoSMGZwCr03w=","oxrJVaftcmDs15KzFDuAPM4H5gMdKFYqklDEeG3wlyU=","e8Vqmvk2g/RIqwGkN7bY7loO9LXyJDAy8BrPuhteu/4=","tKrz3CGcK2SGE9DXp/XlZamxVL9XCRVFksbnZBRkNQs=","slTgQ9fdcawI3uNkaU8OUwOVhyalgMKhw0aBy9h8thU=","6aH13PteFdnpPklcYlWL/eZwtt+Pz9Sk7WXYbdasyM4=","lpkyTbWg+ODMY43R8z/N3fnfv2EblzF1sNspXjqT8Gc=","C/nQNH95IOB8zwjBDw2e9omVdi/CuAi3en+uwNOpCd8=","PPqCboyWNVhO8TshH1GaEgmqnGwas+feLpQu+fAtyHQ=","ZBkc6srHmtFaZ/OZkSweXBV6rxkuebICkoL4qOcE7bE=","e+RWYSRu9uhZwx3rZ44nEQBTdpCcPD7ua4DINhqbSGE=","sxJezGPZEQa5bC5IfqAF/i1zJ5xo35jIAgcmTwen4nI=","8ZitfO5VPxNKmGeKG35LLPxg7Vu2hnuNDzgz+8V9+NI=","sXmGB2X1jGCA4fusDbxm1CzQTlvSP2Sow8vEBDbaR6g=","OZnEANYlPyWZiNyTDbZOgX9oaBk8MQ1lesFucBqgxWs=","OWKLDhv0sRs2iiE54cgp0cDkKGMkv8QoF3s1nDEtkyc=","a9M7N8XeABA/Rw7wBnfK2yN3lDPRWeD0UajFSn9yGr8=","Q5WjJX1mcBGjZnGgTzdd3DGngSJymDA5yYw1ESsH6+c=","5bR4PGerkCI8N+BY7d9e2i5q4RAofDubOj/O5gNx0jw=","dzWjSMf/FpAiRlRKnz0T3Kp470QlAE+GeQE6MGrbXp0=","g3WT/i9FK4+V/0AZt6dqDa1UXKW7Vv8wyLgKznKINTY=","20Q95rv3NZnhLuVEN5FeHUW7g5aBTIg0s/woZQEDnG4=","lbPiApnOHENvyqtDllXixo9TEw50Ak+LB+MkxRUdXNg=","bLW0pxDa+wM7nDXufbwc1FmIIpkNm+ImOA+Cx8E6yBo=","9eTTqNHhNYKa271no9+fmrsCtm1MFsYbE1oi/af5NzI=","tqf7AdgLzG0tVkKa2+VF7wR2GFQFtoXtEJe/PWrAllA=","W5ojeHUNHRGpyy6EhPTvKjq5QGtFVwRSMXZSVMwrsC0=","sSnF41fjl3sTHPYAkTx5VVpjVIoLYTfApvHsq1NY5Nc=","neJn7PNGT2/ex7W2NGGTgbtSPBCOM8RBZG6YK42udHU=","I2SVnTIdwzIFu8PUhA6mFfZzLyah3X/D45uFK/ZXJ+0=","Bmt5ssgIOCH5035nHE//LwYvHxGNSaJKdfAjZvgRPhc=","2wan9fIT3ytwAfuSX3kzkdFWo4rRXhSiuuQvS9cjyeQ=","2aYpS4WyE2X2ew4quQKKK7Td7EGpS/jyIR9LWWcvYF4=","pRk5JCEoZKLMxFbHOvrjrQXLXpEaiMjtRj5h6w53QOg=","YmZwVDfxnpL9eisOC0bk7QsKFnlkJ6kaYEBmwMzTItA=","D/CzjzP7PONU584jgTkGbLAPe+1OUbBqHzmTKEYjnCE=","QJSeLluyZYr4DJJ7ohsEw65HJpUe2RgfhNXrIbyNC6U=","wWuvOIJfKZN/QM8lAYjDI1dUc0SpxVWrqJ9cIt0iVT4=","f/3jU6lPkG/GG7AB5V2NiWnKKC4Wrzq+1Gex1rvMoK4=","GEOyrLNTh9QOY9K9Uu09NJXGZ4hGMkbvghHAsH7UW+Y=","yp0nY2ZXTjH+xc1XhQ9jym6ZyoEdGZSl74Zx5V2YREY=","lVBANgUVcC4RaYCgjgmLv9QtIoJhrIbwEPTxp6cIAF4=","xbeQiaWhRDJXgYOAqNB4RkFXkP920CHAQQOVp4uHrcs=","fDbkaOww2NxtLJVrynfPYlx0D7nLV9SskdTeeWFrjG8=","FcoC2zNxtkHObMhG8lyZgzZwnV9FxNoq+EmZw5/U9Eo=","HFPgiIm7uZtiYmIzGvN/DRbvCROXBUsaJC33tZt6O2k=","yFzxdQlwpiSFosz+nfvKQjLJf/0J6BZuooY/xhsju/I=","55bpnXBfWMA9bU+j4QxzXjYbWyo3uDVojTcwVHVlskQ=","aW1cd2/bdcIat1adSiWyQA8+To1fus108DQ8dbdZjmg=","KbqSOzx/fYOjuyulEWgTN58RmuHlVfryKJSfgxyAaIc=","4k9U5+h5uc50ktsw3B8Xqf195v1G6quXTnnzox9ggco=","gyhyk5ZOXcjWQ5K3ULKKT4bAEl8Qvk7r7KpUL9LTYMk=","0t2LetJJ/01qV/NkKJO74KZHsBDNAFbGy5ADSBtlShc=","A4abzYDLf+uTkmr84/DTvOywM3iejwf7gRN8SSP0r1k=","xBDAOoMo7YA7T7XZVfZBcAoVj5eNVq6cRS2JUcOMdQA=","5ogriRnQo4iaxJInO6VU7Ywc+OhxGrTbUwsjKG5Ubng=","gpTd4zAHUJ1Gj0KnpQNMa5EDaiP60oTrSLqLdUsX5dk=","A6mG6iHIFr7g+/RxSYgyTTAAoOheTvPqAV97Heev1i8=","DFE5E/Bc1vlWRBU89uqD4n1gPOrV0wqBTfDRLTmQYeA=","+Di0vymWuWBEXU1w32r4sMNPlWl0El4+8pK2fFI6rNQ=","1VX3Tl/PIG6JlxkPUhqgrQMdk6mu547bqywEocV/SHk=","90vfvLmLZQckjh85QQFMw384N2WuOtbtiuZKPmAxzeA=","XFZjHjoqzT5s6SANlWkC5Knx7ck7EvbcTV4YoD1Nbi0=","PoqgUWiS6nd3UiXirttrVLLkb7ar+U8jq7zjwbMjftk=","Wi5kCmxksOX8uvJDyDjMZlYMGZdDax7PsJ+G+s0ulwc=","dQXBngpVCFg6a5D2RFb08tx4pE541JbDfUkCYaQ8jQg=","fnoLF9sQmtkLNBfPA/lYDpqmgaI7oXKQmzv06Z/2R5o=","92IXM8WYWARTYQqIyL+DgUWqYmTEGz4cuekSJITkCoI=","XcVH8vKyQs1iszEr82Afra2rpvVlJQcTFYk9tIkIeZk=","Zroaq7renr5BR0ISCWUwfPU3K8pa2oskuYhjEal8kYc=","ZuIP83g5H05Zo63824xAM5HuhOjF/vfFXAGtMpcrluI=","oBIHXKJ957nprPrFNqhYc6M5t7A0ipjMSpEGZRjo5Lo=","jc8ntp9q1hifPmA/bgrpBpjSxtld3yHpArgaRcuSvAo=","hrn9szLheSzpOJ+vSlCEha9ivo51na+bxR+YaFm/7pQ=","nYi6f5e7Zd5yU6omd8iTW2Soz6MTZ9P3wVgk9fErL2c=","RzspO4cbsSE1sJAuLc8LscuVYk1/Ijf6j0ZgyhbpQ8o=","Xypqc4HVBRFiSpWKAICGG8RtrxqmeUSRSvzSdsoim6Q=","1a+b8seaiw7irYYpkvL+qQnVhb5sCWGYHP+TDB7CvuE=","eAg5jO4Y0DA75XZzUs8zsi4dp12f1iUgnxtyhGkTezc=","7VQ9yyILb6hd2Kbp3bK76jBCOHT5+qndVMA+QvOVGy4=","wQhNjwoQfjTKoP7GrlWCM4+NvmMoHrLnDa944prdqhw=","g1FIpfIzmeo8laXb7wl6mNppzrwrBMT4RrhVcie9MV0=","1fa7xjXK8ILoSFP4hZdBbnEKV1Cm8uC06i2oGb1fJws=","ujxUknZROs5HF3qflJzuBxHTqMU6Z66XjHhOn11ruaE=","xzYSqFTKkyC0qj5Udwbdti3BhAwlXUQOJR4N4OIMQGY=","Y31icWKzLZ2p2ookX68AxlMMR4NbSyqB8omRlivwJ04=","VbQE7galojXb2krP3KLYpUvR83XezSppvg7yN4B1lAE=","Q9TY2ZVzZYYGO55lfX0eYAuDhwkAfpY92uq17FwetIE=","yqUh3myP9sQ/0y7IdEb2ySoaGOe4dFLgYxD54nX/GOE=","/yZZ0iedymBKEgoknvGcq4IkPf+bIbZUTjG/cscOawE=","NMPS5+exTfs5/TJcWJlJuQB35+uR4Ec2oz8cna7Jnbc=","SGP8gB/U2ZkJROQ7BevTfweetPwc+V1eC4IvYe6p/tc=","p5+suv6SxSCEhm1d68q99caSmHDBydgftqXZfGhP1tM=","pUrloL1unv+JD5Xg5CXIoC3Oif6GoxlH/PZ1i4FYASM=","unwEOGw5SLNsVbt1HR508ti0bL30tjt3aXeldtx+xEQ=","O54OJjYGMwomLbBkWGj2suly+g87aEW1xmNpNLjAgi0=","agVL4wIZzTfMjtiKZ6BuNY8piakMhDKhuQpE8Obxfc0=","YQavTdycHKGIdVl7DDxfdx7iYi54z5OTQETGjdTK+sA=","JTwCglMx5uXUBaIV9GXQusfccGue5AAHwK0qM7VqLuk=","jAbhIVmrwE4NG8chGgbADR6dLQBfFmhqlcGPyQqZQy0=","UkIg4wPjTLQcErjk8IKHCH6VPrumk3l1uN+ew5iBZm0=","woaFTbZ4bH99itXr1fEaOjjy6WRofNWrenPm9k2rep0=","I8ErpY8IxWUKsu2TCDMzNd0+O/WRh6CAm+S9o0YKp1U=","RmYYG4klFeC96/AO3m9xL03lQgIrFgcrh5+CXCHwV2Y=","YOKUUkfiLVMJF20RKL4fmkQ0Zos0EoWQzvH6fxUSYNk=","A0AdMxdN0M4O2a/62bhqoUEEl5FyVvowkP/k9BX3qGE=","89gVBvmVBZD6HTm/YTRMq8kezsWqH4Lw7pWckWpMICk=","VCXBQwLyqNhAfV0Yj4lHEeHN827bbVcTYjCx9kHX57M=","6NJJExsY0DJVctCl1MVFI3W+eZlIxSbfUi20iTR4ePo=","e0ALlRPpVG5amCfezEIsbh8fG54bXGBBm8/LzLOpIfA=","PKHlgR5XPlVV9ogdwG4BgPTXc+0pUND1PR4gJ53/X/I=","EUaRRdXaLGBc7GQGGUN0GN++/nYht7shSVLufIb8oiw=","Hp0Gc6xLb8+hiofqWjFPPF4I/BgXz7htVQhiY5iJcTk=","xCBnaCLel5ey48T/7lS0cWz45KX+1fYi2JT/RbvlNmU=","cVHXYKsMa0qbJKbUBqQppeKSamOPGkER/JcVSHbG2Y8=","T2xI+3tNzbyiGXtCj0PJGAqq6gBdbLHAdJ41JGPNSZo=","r7kZ27u66wv+QMI9gTw1dAYQW0lG4gwq2mQgWt3GRyg=","ohkzD7q1kQ6SnA48J0QnJB0Pn0A6xSkhfUC6KrS0Sy4=","ce2PhmxFIxe41POY3Slnhdb41ZysiXxeZtd6Nfdau6o=","7VJIePMswNmY3fWCFgAEhwIM0uLbvMHI/ZgswNrigwc=","URpRoH53mDMIYPzIVoeE9ZWKufF8/7envQ2Ix35QBTU=","cbWi6HvjlA2POYbA7Ah6lVYVYkcAqrp74eb1paNwa8I=","3nuEtdF+lT0eANNeYOUH0EO2wwcTY8Tzc8eANUWLZTY=","rAdNyu2LongzPjvSQOLFyM8TzrYVO2Po691fOm3YJlw=","LdxnR0MX3hrJUMliILdhiyDqti7x2URatSWbLvzlHR0=","FVgNHuw4WUhBhdzqpwJenST2/9wzrFV4ywvUBRtNTU4=","ZqC6XpI3E2AqITfHORqFl9HRF5Rwd1NscmiQdJUKXAg=","hom94CWVP+JJLSs6Tk7zG7NchBplBfWUaQjUuYk8PJs=","XNmNU5azM4xdeWKJAG/hGcIbVvlaK6LWVdOqHdl6ltA=","ZyVKhIbGMRBPGrVXxUv3F8ADvffwkGpz7n02Sw1Tg5o=","yC+Y7IchWdBP2HYJdaPaOg2+wtoZDwGbEqg3LQQUo+I=","8OBl+OZ4KnYbx1Z1PuN+SVc9ooPIf42kPNxlkQMpUD4=","J6ir5LK1Z3ECzW2S+uiy1hDwbYhMR16F9vAlqKbDo/s=","K15HAUixt2gRxrZYhvr5gz9raVBdeRZ2PB2e+PkeIIk=","5kWXqUkPdDwlZJroB7N+rexI9p27jj0YRBPlz2bxyag=","fXRbPRXPSw5U2XMD+ev24Yj5oA6NlaCq7/5BtbUJBQU=","5+jYupempZy7lyG6hMi15ArLnqAoP7HPjJ3OFehVfgc=","0qKwsfny/u1TgNb5+8nckRC9djX45xMqN0bgI/2L2xs=","bKQYLOc6RyRGilBWZpfIG3xEltMvvi4sxJEO1ct6J8k=","P7w+zaC364v0Y3Y8TBHtF9rXsndULvsguy1c+Vn4QtY=","BpUjeFqQx04Mb+aMbA0vMHz5chFNCjD3wIj2LstYzX8=","XEErt5NnmRUfYD+T5A2ZxH1C9nfDsmuCXd/JotT9goE=","uYwq4zQ+cJU2I4WfhhCqZ2W5/YEfTkxuylUUxTGaA4A=","iJQCmgfLPeAd2V7kjHf9jgaWrq90JPFnzkIhN496vd0=","hmVjESeV/BKUytle89aD1NH20qusHHYg+ffrfypVDHQ=","iobPGUhAegQvJ3tSNxtcCkzimNvuClt29ghP8W+PJhY=","VGb/dJUqZVuM2O6XxwaFJiWg6x68FjOazAXM24GcoRY=","AkTyR8ghjE3j+P+uWr0wUYKvctJY+HuksMidSMtl1zo=","734ZF+6wrty0vUZa2Vjoc4CmZZgI418NN1AYs7kBQeo=","Bk79x3NHNW0JPHPpyI1bkiXot67IxtDV91PjAiHBC/M=","WWD3yEiBcOFxPmeBnjVcNUYZD5mC4X9PeruWXq2tdfk=","gU0ZID0hfmxx+Q0MGfgOGrqkt2LuZJjmgxkT+phA+t0=","27c0bvg9ddlsywCPyBpXQws4kdNROSl4tvyQFgOVLjU=","eySgkUCK02tdesaNQ2iydrVvv8xaQbgdobv+M4A5RBs=","VXzBRY6ZKGn8z5nMGyrzMwC5iOzI1HAchoxnkac0EJQ=","2u4OAUdSiVY0YEWUz6+6mkobflJNTiiqDGfSXhNwRcI=","puqlImXuGrCRn9hUgOgKbFWM+NjcO9nSW/sOV/oP868=","Y0q6MLsljnOE1wfLZAqFZHVnWuNOCbVsshp5AEUqsOI=","g69+QZEz8KpxtoQO/9XGRVI0eWEwKgsKdr+LTCB8rlk=","LkS20Bu8Sx1V0mXFp1D9LYm2RX3B3h3OP2K20dHqQ8M=","mI0hIr1LWSAEbXnjUk/f3BUzRyAOQvqBysdfe5CtITI=","iceVb+OLmU/0s1+jsSRpUJnvpokrpsHNG0BhRg1FTC4=","PtCuWXrd4SkTFQCjDajH6qtYODwUXSkMGroeloqNJ6A=","MfmnITqDSK2B8O/BDF3eIKEdqIU3BSxLIdSbSTd8+XI=","U8qkflZVCYvV97psjCyYdUnPEaUUUsum7nc5DD6g78o=","7tKJp3LN4VkKlMpp9iRh5czv3bT/fHKzDMpbpbHxYiw=","7hxbIFHPKADV1mFgeSDihUgqNZmD43sCDyvRWrL4nUI=","9b8QqRLCgxIRqbB0qsGGXyqZxRIz49FCBJGw5+aOI3A=","eKW4/S/9Ukn3H7SD9PXIXfFiCXOs+dxYXlTkbmxWUVg=","skoeYm81hFS337ZgxIaCQIPv3oVoY+1Ik5UEqQIWC6A=","DUFz7TtOf3vkStnsnEViByZuyxfjzRpYolTu6a7NmmU=","159VV4UnEu3APbzEZKwLTgh7L4PixNQlJZ7SAzlWnKY=","Wsw0sl30o1CZ3dSqE2WOVoY/pKQI3VVTNVM6qND/5nY=","s5FiFwElKpUpqTxzjg0vpg66d+7jAaVkzPF/gWFYNGI=","EkYCXyDcV1TqNgzSvS5/8mFCuRw+UminF+jy0Kd8CEw=","vCeKaGYIDideFxO9e87ZZQnjHrgbAH9lH5w3WBAZQP0=","0W8ioN8hKUNfitiENVH9Ie9LxnoBVXD6fWoNIEcYnMY=","nuHC6fmWVXiRM7ePNvIY5waqVsiUlOtn21B8aGd0uu8=","0/CEpd6FQgxJstB1b51ltY950q8IdH7HJeT59cyPuyU=","R1+Wta8aEy3cIzNp3tvkf6c+7uxkYEozGHh8dj25FU0=","NqySMcH3BefZ900uZr48PunkrZ2T0UcyWFdk9twVMZs=","BADCqxtOvBc1Nv7moFbhCMsxoK8jg7WoXtiOX6+k9jo=","BeE0UiZ6m5iSvp+0X20F40oNNEGXEoXOFrGD2T0ZtGE=","+VCi8KghIfZjHgHnXCTScLgXvGv8vHFBcxSuukQaI5U=","R9+P4R6U5CS9h8Q9X5amWxHRkQYDzM/MCK4pojAEulg=","QJa9/LtvvILywB1FPcAu2kxrt/rKUtA/zfnekEW9aOE=","1u61jFlQBK9x0MkQrdCRO6H2qkm3jQ0d4dp9/LrYqUE=","/YUTyxh5gTcrfwGdyjPATKVso+Sol8FrvL9+XE8v/tk=","e+s2kuS8yOC68UAlXmgrIyi4gFVctdq1o60OioM4sqA=","Gy3KEey/VTY+VL9qOeF+Cq8FVoM6/ojx2T7cc6p94i4=","vUVUwqJ38NF2J+1tMQxKCq7U6boE6gXg7b68YClhZdQ=","iUkKzvnZ69MxLgPja0CdboQKXaoDJJOE5jgDqji33R4=","Lq5Ap0FbyCKeKe6h0cvlbjITJFkSFKt6ezdt6ucbEMI=","Ux2djbjvbQAcc/sFJr2DJQKcaOeoX8Y4+m6OoR62PiI=","OnBgA9iyKFWFVtfFQ1J2g5aVIe6eVrMGj15GZm0zQ/U=","vRQjBSXxJZsTa1lkJ4NOjmgYvJbOZWD6hOaW4t7g8/o=","vOMKCE3jMGmpKG0loJAO4u0smMXEhEqo7cILwc6xkFQ=","hLI7tyiXQTM109zPmQgf2OmQDmQoN4xHy+XrC5DBf1w=","sa9yOofadNHGDP6PDhQIEggd5W51QggzdfixLoWp1JE=","jX/ptXe7oKCH7fboTbQaNlavmnyYxvP2eRzrsIvrLVI=","1AxOVc608DNBzdIvlUkGVekgslYt8EWqGTIIsvpE+cw=","W29BmYd1hc/qG/ZRmCL7bGbjnIHEG6nS/xTAhv8R8PU=","/6/4UlhepHTHiSNLEezP1GK0/hJSAaM6FjvPl3Zgkw0=","Sdfg4JYEqI9An/0lwEKRQ05VTqTplrKUjwBmN20IL1c=","2yM9m7nsJgZCt43E3PvOAjVTnsQqQs35bFFaOeLYncg=","sNAwkFXsbm9Co2sRJ97N77e9/ms1CE0Q9fjgtn2AiXI=","blXqTtt0se8wpUCqRPF6fTbkqc9Cvb35S3T3udyLNMg=","RodQVJ5cYJlcVcy2DMJ1ztglAI+jpINk2XptfAS9F9I=","F39Qj+R/tWZ4eGTFnTbRK4+AToDybrUtb7m4eJ5vOvY=","D5QpaeBBveyusIXStgmt2BRS4L77ayI07Lrusfec8WA=","9o6nRKS4iDRqKa5rYieVvw8/nA5SD8TlWx/a87XEihE=","ziMDeEtOHEinVSbqQ4lEHyHDwoGwBs2Y2rS9H3ULsIg=","3qwXkwKBef1YKn/G6EDmMwF0aZ2ecHhmi/UaL4/bqc8=","5v2GvkG0++pvR52BA4s5kARCosclZzxCQuZ1qua16rs=","8xH3GBE9Q69OjJxc6faucXlhfmOeYv84oEj6mAmzVjU=","tgsOKHLrXv4mKAaeecSDBldKM0kY5OpiIA4G4Gr8HgM=","CCYqbKOElRBTwEnobhfUcbkkhP7FqzzGvfz/lKK5VmA=","9phhU0dpn7GdKUSsLuTMFJe08YwDLSL4pC4/IFZ36Zs=","ugJ9RWfIqwwOKvjLHPWvfNicS18BHB1KPv++I+BrXAU=","nOAsUtwJADrO1u9IBynpAjchMxsxa8JTORd/zpXdiv8=","bIHVzwjfd/Ni3RHihvqgZ2Toe9F+T+fBCcnqWTonYnI=","cg82K1LX/kXvEhTMMjc8E1yY59P2gSdi1Rn1YXqTfsY=","RcpValgfUdgLkZo3+sWUy6z4avvYoejthqasxByO2b4=","mGJnGrt6Sfq59Fkb5o0eSERD/1+pQJoVQ1Q00f1vm74=","ytGo/Rnoemvg1AEywolwqZ724hPtxs8cQ52l3EWz1/8=","fxrMSDRbHbwHbDu+QURemdgaD3Z8xoc5uCLZJxQB4nc=","/R1FmV6XCfucTvuo3H+Si5Ekcy7SkOx/Fwel1Yqmbv8=","sJ5iXT05Kzhj0XY5emP0tN5w+DFR4wriD6dHsGHesQA=","zTlPo+9QUTJwOZNoUaUJnf3HOqNMlNYroQly4Ch7n3g=","eX0/bzPUnK6y0UkSnuAeEm7kI7wEreDynyCpph6oTmE=","LE2At3tWNZgjh36RVvOHj/nZmRKLpWmLjR97kXdohOo=","m9M/CTv3uzV4OxwrAEhyHktgEeY0lqqY5fyvzn5uXsA=","z9Mjn8gwi5i2EAi1HDZGHXPS/MRYqT5PS9TwGTiQxZA=","jU8Y/+JuRgzbgvgnwez6aH9BX1redIHPz7bZ1jyLJhk=","Id9JPViYSsjvXSkRSDku4CB+QY78G0MhL6NOqcM+wpE=","/6Q61Vn53VojrpTWQFgMN+Oo69E+G6XWpoHRDHnuPME=","4T8ZKlUA4DbiQyl/cpH70tUfOqJ3vQ8+EYckpaC+p8M=","kXGX7LaM3EWTct+6hhwnKIdPg7RwuoZY7Tk+llOZVHM=","j6L0lJYWPflcIq00K1zYBXD+TqMvluCmUQGjPbQ1Aso=","/GDf+g4C22DHWvBwBy3vqn7d2ozFuGKq+BoyE/0pCzg=","MhAeT9UFrZaAursC9cOuHogom92bLF0B9vIltiYJsrI=","iejdX5O7me1M82ci9xnR+WdcQFpLHB4Sb0e+bWQZxtU=","/HLqYX91C2DGUWf3VlsdjLNnwyfgmPFmKOEFPLGUpEQ=","gvkPkvInXdtRMg7KLgXr+n3nxqGA+gybnOQ97rTx7Io="],"block_size":4096,"path":"build/parseSourceAndMetadata.worker.worker.js"},{"block_hashes":["3IZRBCy2fhRQvsIOjqSsnAnXC1H4DTRTN4tMFt38sKY="],"block_size":4096,"path":"build/prepareInjection.js"},{"block_hashes":["4TbqaaYSGGKOSUbCMPmoEnBjqrKfBBtGP8OVpaWemGU="],"block_size":4096,"path":"build/proxy.js"},{"block_hashes":["QW1CaTEBQCYucRdRuBlMYCtSWt5bLOF6uC89R/gN6sw=","pfNwcRGEvTwPJ8CM9lOQZ2ah22qsyI1IMNiMC6QzcMI=","Du/sSjItWTKh1yBWx9fopDsQd1ciyM+vh9QaBjBLPGA=","DvNVIkfY7hIHUwDX5WyJt1CjqiZ0aMwc1Sh1wItrKA4=","g1MoF52ojFLM7bdFJi4nfzWZhTP1XkUc3N/HpRKjvAQ=","x7wFOCCApNve5aVB7tdTN214HauwdX4q7cJIlW4C91E=","Ah7WX9icP+C4J9l/qpWwIeb1hiZPXC2pvEAeZgMhCPs=","8mELgIvFeVZbxBjtsBRKmt1Lk+8yGyNkPK1u2cihpXg=","ItwzBK8jgGVUFLC1JCBTahFAoecxTJ7VtGvRVy8/Xss=","1J/B6IT36hngfjJrKrqS6Q9d/kLW6orSQnUupGBvIBM=","OWK+PiuIL0NgPKKBlGU1IJ/lH77Trf/zxsJCNHh6m7M=","reNeOAaHUgQcxta9C6owoqz3LfP9YyTDR5zxGyaKWeE=","NrK3EmpJamhSrf3wAfslMddawPRaLdcRCM3j1vvAmqM=","Y0DPhDwPjIIf7IfqYmdpcsMYz4wWM4/k6356JHdy6bI=","DCdXBgw9TM2YXTe+mufBHAFx/L/WK2dXf0NoLpQHcdc=","uGn6QBShMJUzg+8t7cxuU/2xdxXpGmRF/sV5SO4TBgw=","as/2MVIYm1KJdxdxjcU0wyu6lxfY4Tysgj6BGCQ5fWM=","Ig1cY5xcgzXGTvy0CRUDShV8nVsSGCSqhmhzMb30OSc=","vHi8TrSArIRraIWFKjA8ExYL7XjUO5KzLL+fvQsgVaI=","L0oaN8ZHRxcNHj6IMhY8KLqJIyPbhuO2tHiBQKFDxq0=","hkS5ujqwX7bx0YAxlSwE7csgtqQsi1sTHLPQf0S7THM=","QyKjq8KCgOxjGZ5bpwzFwIautwajNfoSGPStcRuv0Zc=","gMBAJjtGGTq6N89G6yxOD1s8lL55pyvqZd5+Xdal1eg=","ElV/JY+vFt2O5EzijPNuA/RGJOHUSGGJjooTRPLHE/4=","gmI+ADjwPbnvUN27JZUiz+rrMK+VW/DMyzjnbM+IiBs=","wE6/IBXliQ5kmsTQCCaZOedFoJx8RK3H9P2R4jlVOmk=","tw3uVM7eY3ClJAD6NuMTHhDSHzpDDbrvahMFGF5BR1s=","rNYypYOdRDIIBcXVFXcl0MG09VzOaV6FioFSdU6+cLg=","GRV5ELDLCVoOKZmSXiRnUmTpoymAeEPUs2APc/FYMxQ=","dwjgB/Ve1PlM2qaPd3rO5oZqVr6g46nbSb0CYK22fIQ=","L+S6ikYBRvpNqiwfGrrumXv/YAlKdhDQ9xxzBA3vgcs=","S4cBojPX0zhmdlDCpmHYDDx4LFtK6LavfRkj2IuuJew=","0oPKf6bZmJr+wCrLz45T9HhiBr2ene2Ml0f38vEg0ZQ=","+/oAKrsa+s8DkdS/BVLAXDYtvsJl0+Jo/+DiNe+JZvs=","sxP6Z3f6qpu2ZC5DpYHWwciHxN0SAt/CuQvJWJXpeUc=","cGe/Lu1uEQjM8V2BowEEuDuhoNmQejJGLxuYshZWLW0=","anE3tCmPBJuWaseZxrv6zkBDWcjMh1AxVYas5AIbd7c=","GFt6gb/5hXD/cPxdT1jVFucVgtSCCioIPMTSuwRc4y0=","y6+gy48uUHGhdVuovRX2BAwvCyE0m7sMr3rE/5RQc0w=","HUTCQHqSXKaZaj8Qq3FKz3nzdTZOeyGLdOXhiT0M738=","LA1gqYt0BHpNFgBX246ZZmY/E13XAp5DAlG/vrNMcNU=","+AkX24+ULcGTuLl2GqFOfJijz88xcr3tKFCrDXRzk/Q=","n67e6Eo1YX5XWOI+Y6qDTFRsOEb2+6B0Q47s++VTkZ8=","jwRdqwSc+DXkZCrPnCfEIzoa4vsw+DmRh8lHhU9Dwzo=","ALb3ReqZeAsmXFvFtb1MwdYof18s9i7GUW117oxNqvo=","07GJvbzXjE7lrcsDzwn8yamv7wosMc+CC3ZdgKNAdKg=","PCJgVInPrGIEP7J9fMSANJ+wOPmabWZ6dV82ykS+GWI=","omy35fAjR+WxBG91eoARau2Fqx9k8ZChNj3dQCnUl5I=","0pJLtvGGmO1/Ht+JElBIh44AlPoTJgwVAMEIQcoSHK0=","Fz7IYeuoq3yyhJ1Y0KhqVuow39cWCuMGxZmQDpPf+eE=","pUKVzIdhuXhEepsHRp11SyB0eJ/AhB+Ku4a9gZ+sqCo=","5oVOR62eNRvxIypVL2x8iqLOTlFSV0MlsYSLnExjSWw=","4d0qGqu2vno2TADOB74g+cBrUoDvSnZ2Pvw+NhFfuIc=","42y819in+zoJJlzoN1lter98mq2ZG1Khii1fHCN9usw=","jUdeb33B2rxPbJ9YMgEIc4jdWc8f5nTGkj5+Glxz+Qg=","zyhguvrPN9A4/4vkoKUtStNWeXsDqCY14rbnun9PJJE=","A+OETRU26SQUu/VEijuZ0w4fmO92Std8BulFQt1QIcU=","7Iq/CnxdcxVqsRtvhZek4QAK5wUAEPMOhxS5nEFrw3E=","jATFjfIQIECmoJuiDYqXvejgEvc1+JGUrDygqndxmIQ=","XnDoLNQ2Ko8LwcDUMJsQI3lATHLK4GnyM6p3hoS0V8E=","6Y4vvijH0VWIbN8f7u5iFLE/8eD6CAw5GWCyJje/9Ik=","rRadG4u++rD/jp2zCPrHIhk8bKpF7OLF/1v7YXKxGHc=","YgbIn83281eJcvbTLLi1V5SOgneoEL68JQ16747Ycq0=","0X8N+/pp6WZQTBP8m5SwqcvhwXdSMx6uHHNZISGxMV4=","WLWRJHO49XeVLNuD/5pTsgwwZ0mlenZj0r+z/+0u1V4=","SsbHn34RXxDEhexpiAF0ZewHxEklKsvxKzCdPKJS5c4=","/jyRkEdNjnIRLkIMbZEY6YMISz89ZJihGBh4XLwkd0Y=","Qj43SnkGbW9Zglu0MR+kq3Fzj51d+ErHuUzUVN9L0Kk=","LrAWxf22uhg72V34RK6cUxKbmEGar2EggjIX7/a9dWA=","eVKhvztJgJp4eWq6CrNEGd+r1WLUWHEa/cNpbtSxSnI=","2kIp5eHyStJPRMHiiFPMM7rd6eXBVDSgDMGUggWgHTE=","OShPwH6My5E7KzisfYLIf5nANkX4UT1Je58eyBkhu2k=","81n20acZt8Tg5Q7UKvmgIGLKC+0iCSCsVwFPRudf+tQ=","0lRk+TeJER40BCHDzcm+uXYi06VyWR6i6j02c2xx1Kk=","Ae3H7L1XKIEXwWaUbKQDLnbRd5823EQWdAJGORqTl80=","U2nA9e0haYpN3Oeqz5B8W84MaS0BwAH6gPdllB0KHA0=","hdMG3C1jspmPmf4E2CEGNOWe6pfmK2tPAfEwGgXDkDY=","xmIhoc7JtC5xO516HbmA4cJsLtKlEOZd/Fdj4EgxCBs=","Ss7fbZ83b7/zP225pjoSQiHy4ot7OywAp0XhaRzxxl8=","3mMbeIP7TlaWJFswLDvawoFYDDPqwyWU2VC9pe9eEG0=","IXbPvigm8yCRMdkazt1A+vZJbo8lmmsacIFZD139rOs=","7BqHCeok00jkhuv4DuAag8pfSbmss8B442YBmnJBAxM=","uYuKd1FsC13ybat8sfjkR6oc5WtVT+GXuqGyQjaXZRU=","kSB/Tq0uX0kN2DNyqzYXC30gfDMJVxQhgpo64dJkBwk=","h3nU9yAfAkXKZuhwyfTqFAghGqZjldjUQyNvCGrdzAo=","mHM7L+zmeQR0nHeM2lHWr0tP8rLQTIZfqlNVwgVA7Rk=","WfLddPXuM2wNvjJjPm9eqZTilfx3QN4uSPSl38tjdL0=","wvkrCNEGrfF+v7SrlshxL59i+TYsrdlu0Qrqg4NCk7U=","6LBPx2CE0QTgbyMfV8/LK/3fTnE1doZ6/zvKW+xyhOU=","1GxPrwVskWQTvYeNFu3iVv8xvdbLzSr8S7otIuzZA1o=","z1BvywKsHiRy8x2iUtNnIVXznczJHKVfqQOm7cg3i+c=","sG7Q/mRdkjhtYdF+bud03ULd0knEH92cFTRmaCvz4Fw=","yHUMvETnHGnOkisFuXe3o/4NOynz15Q0PgboS3K9adY=","uJClxjA8Ua6lvVbBxy3QMWhr8Rz75XArCbTmmRVItR0=","0CzCaRgNGAtl74fIsrXg8bbauTzv/dJLlI0p24SY2Fg=","gs8ZmG9jgaCV7x27usIXP8xM+PTxIQVyuHC+S5TUq2Q=","JjBEqiyHtJYAjWhgm67cPdq5e8+sPpL6c1Mh7q6sTWg=","88VWWdhrLP0Tr0WaY/WczgpZAI+KxVmcEBJbU/cTyHI=","1QBfvbLUhW5L9YCfrFtXcraTD7J5T3yz7OMKNr2Y6Uw=","GA+JBB/KBFNo629N/COzxZga23J8T2MP7DIEKcPLOrI=","3QA63CXlVf2r+MWv5bUs2sU4R9F7a1wSGuF1TlNZBik=","fH7sbR/ytBtxw4R/sdA5Z5zGg3s7HDLMGG/pAsoCeCE=","4LCodi37ezA489KGoF0iSaqYmgOxL6pFFI/APc7b34k=","Zxg4EV+a6pWmsHQ4GQ06yyEPbHm0ItQZg9ENAgyzjLM=","zdGzhCN8+xF1BvwWdU9q42EVUpU9KyoWmhhORkgoRNs=","2613CQP8nuYBWqNmt4OZh7CTjDKleqD9Rj+TOBF1yJ8=","TRbcq5rg90UXMvhyqZtC/vaW+IW/JliM/Q2a4FMq1/s=","Z23vV9pf1m33/NmTkTXstahw2oA5e6hp5UrC0oeR/14=","9PvSL3uifZcNLo23vyNXVzwvRGVLhRVzyDhx78Wx3fM=","IsA4mIknjhFVL2FVff2os9YyXfNyWHMYJ8OEA3HhV8U=","mGRNBdcHtRZ+2yItO5/0qHDzE6slwA7Faz9tZMhvAsI=","JjBZkK8xVVH0J2HCNNELiWHzSgKHWrz4xp8SPNaSuRQ=","14wi0pcuiQTicR17WHB/L5pDgB3OBzFe3wfzL10iKbI=","0m2dxJMqE3SIiM5xaNpj7e8EIfRLDzPHmHk+XX7oxME=","CrQvn7a8SxBEq8nPYL1TNMW9zX0jurRcwb9IylW7q7E=","00oDABSuWFCGH/rFKaBthrsk2A7dXFfe/JR/bXA+8DI="],"block_size":4096,"path":"build/react_devtools_backend_compact.js"},{"block_hashes":["dCSm1lCXzXURTNekBPalR8lUPK0R9ujPRs4oOBgSWHA=","PpVinUuSOdh9IMl7naNfjyZ8VByGPfCTWz4OCb+Um0U=","PQ1x9Ca4skxea3GjMT676X2CzT9lmWBEwh068OlQR8A=","P7vkQRQrnNuSnNq9NOG/mmHf2DADXo2P8+W2anagv/c=","qq2X55NIV/YAo+0dgJ8n6dz0h8z9JIELemLvXiYq/68=","dvBZit8McTgYwHwNvGr0Ux6Zc8dhEZGIvpPR0LOhK4s=","gF3FR9FE/47QZF/M/s+omAw1TrPwxBnGxurlMHDrCsE=","gektGeE9zYGbV6qJQR2BgLZ7UXESWPkZ8XP7PiRWBXo=","F85C2Dg5ImVA+2NVGL8KLy62cYf8SrfVkXmmYtxEsGI=","vc08YB6wMCfJMS86GPvSD71uXLXub/Cb9cifL492o4w=","mb4BVbQo47bShUntJLk/4ciQHhKk6FNEwHQpDqzK9O4=","j9Gy9FuzcCSk11xp8HLRg3Uwz/aNzF3GH/GTjgMKGLk=","XbEfCl2i2mZxoOlUR/qWAvvZ6cO5Z/mKizbJ9UGufUk=","ikzb5gl6NA6fNGzkdvK+eF+08ZPn2ZJ6Yz/ix5RIz8M=","yAJRKZkJHp9024umv1AEwcc+V51JbeYkZf9golgxQ7M=","QjQK6QSDDX78NvsLZyWVA8WQ09+hKQGWiUstxo4InJM=","E8EJmv9kQt3dxUB+2dtA9cgHac4zIOKF7EbbNOKbgTg=","KVsPW4famPQMiC8FAhbk9t29z9Df2XnojsS1GAZZh0M=","TZLyJK6R88ZH0Jz7R/Ovin710ol73Tx8bKaNOb+61C8=","nivyd9uCDabFkzUHuAZfhb5+LbuC+GZmGOFtA0RWdOA=","8TmdiYD/FGVRCnJE2j00caZP5zKitB1PRnN+p/8PFXg="],"block_size":4096,"path":"build/react_devtools_backend_compact.js.map"},{"block_hashes":["nd7MX3/2NqQ6KMzceAyu3f4bquzQN02+IFSJyCuGm18=","jMmjzvBdeCPXLpdJIi1nSiF3v8SRxDo8ed+Wxr/MA4M=","VeoN6uO4Awp7a1FSGvV+bXk9StWUJnnFJmXsW0CrRFk=","msTZMEZW555j9MvoQ77Gvrmbo8s361WMkSKUtmO+Jc8=","YpVKXO9PHnT0xIhliCNUNQ9cyTMZ/kGC1uLN41h40po=","coI3ElO8oRPnsEos0iBkE5bKyvtLvjHfWVYO9xFjBHw=","WEemNuz6Avl000GePjOxw5y0/aen44A3C6wTpTCM3q4=","b1dPIyM1ERoOp4VdsvZlZ/UlmDY6T1m+Dw7XXulNcLA=","ZxjLIGMj+tyNHdJwIau/3/HYXM6KKNP3moG9ooHNbrg=","YEFo6RCm4B1lRxoC5PRRnj3OfORHNcEmjr4hFYr17y4=","iiM4QqMtQ1uOC8QXhDeyreTTc9FQ7FcB9iwqIYzLqXM=","uCrPY6NbhCrofywrpy9spM6fuRhLi7Pu5579nA4rcYo=","jvawv3ZErDIxfLy4m4AupLRJNHWfCsGaVkCfXWJsoFw=","VfQgdqAsNRpxUZfAdJopL0xS3RZ7gi8bXCrtchYcb2o=","p3E0MJGtj/EdYY213UhuysRaFmwsG8383SbcoRjS0uc=","X9h67IPtljUj6s02C5RAfirAR+xWFAITl/ofIwT8JIE=","VRH30jpYEp+v6lXXgLC238o9CIyMzn74fKMqJ5BrEfE=","82wE0t01SIJCpjSWuz+/fjFwxNJC/h04SeKPP2WbijM=","27WMpTdXVJzP8g9zF3G6X+WkW366oDxzrF/GCjiZ0zg=","oEhPTuovsomlpWauCI8mQRqbr4pcb7fg9ioN9alWn/0=","Yrq5iFtQqpAEzril3AkEp/MczGAwrzt2NdcWH9/aIUE=","lmBs0B/F9jvFtUBRFtaoWuV4EiMfkaNLD6X/U9SU99o=","JoBEh0wzss0fL3cq4QtBwSharUZ4PK+38hTfonlYl64=","Ad5n69x11OgClcJ7qRuoDIKccCDsjHYysQ9OnXYXegs=","E1wFoow9iWEwCTxtGBz44mVCM+9kY9NZrso+NNzWwIo=","CFlVzbTGlzZRkk8OM/ISjMZo8ZK7sZ4uS4kI4Bjyxbg=","FWOIVOntXKoWIEEeXl4gLd1896DbOq3dcURkqrgo/cQ=","S/UFjHJ2aSUocu4KLkwLb75D4Rf5y5aI2sxse3WtNhA=","+1P0aV2fYhd/GCBpu8f4Tum6+lxaIEzpDUONOhVHkX8=","sLppEKt+6RHh5eVSP+s90rsBc8VbyInJmU0tgzpUKjU=","hh3diMtBabcH1VlW5x7ryDlSAKuu6rLqPTS581vQSIY=","iMJ025qAX2TW4+nCOBiTQvlOfLMiv+63l8zdngtKJ0Q=","1YY5n4GMEzfSh2oHcpcw+TynTBlVq0maDPZN+kq214Y=","WbD05EEuSpsg7NIZyehTEr7wll4F5qgImqwIajvjxh4=","xEFKuxse03v+WnG0u1wUFLrIo5CTlD/q/f4CWG8iGeo=","eWjNsmnbGsq7lIozsUIqigV9kMyFj144LDF8kz3xqIA="],"block_size":4096,"path":"build/renderer.js"},{"block_hashes":["4+TOVJYEZSpqVzVQ80s5lJktfXC/05v2n8MM/Xabdfg="],"block_size":4096,"path":"icons/128-deadcode.png"},{"block_hashes":["4+TOVJYEZSpqVzVQ80s5lJktfXC/05v2n8MM/Xabdfg="],"block_size":4096,"path":"icons/128-development.png"},{"block_hashes":["7K+tc6MW3eY4kf033X9+6fmXb59bUvGyZbkKIPgaNeA="],"block_size":4096,"path":"icons/128-outdated.png"},{"block_hashes":["y94rlzYkrXhfN1I+/sypchgTNU8qfiHs0wVWCswTjAY="],"block_size":4096,"path":"icons/128-restricted.png"},{"block_hashes":["4+TOVJYEZSpqVzVQ80s5lJktfXC/05v2n8MM/Xabdfg="],"block_size":4096,"path":"icons/128-unminified.png"},{"block_hashes":["cFkCwA3Fz0rIXZ6sUSoXsuC7Qn3JjLLMjxkyKpVgAHY="],"block_size":4096,"path":"icons/16-deadcode.png"},{"block_hashes":["cFkCwA3Fz0rIXZ6sUSoXsuC7Qn3JjLLMjxkyKpVgAHY="],"block_size":4096,"path":"icons/16-development.png"},{"block_hashes":["DIZporR8pUF+A+SOjPykGAZQp/wyYhir7Z9/39hGgNs="],"block_size":4096,"path":"icons/16-outdated.png"},{"block_hashes":["Ex6f8kfo6SVzURKbIDcJ2KiiVIj3FZtJjWYbqFEO/X4="],"block_size":4096,"path":"icons/16-restricted.png"},{"block_hashes":["cFkCwA3Fz0rIXZ6sUSoXsuC7Qn3JjLLMjxkyKpVgAHY="],"block_size":4096,"path":"icons/16-unminified.png"},{"block_hashes":["U7QpyRQUvuP+JVMoAp7/UT8XL//EH9Y9laqttpfOcaU="],"block_size":4096,"path":"icons/32-deadcode.png"},{"block_hashes":["U7QpyRQUvuP+JVMoAp7/UT8XL//EH9Y9laqttpfOcaU="],"block_size":4096,"path":"icons/32-development.png"},{"block_hashes":["MiBq2ZWd9Kp5D5Rkm3PGlydphleYwB8OvalVGjNkiAg="],"block_size":4096,"path":"icons/32-outdated.png"},{"block_hashes":["EUHfac8dGYXEn3lbZay6V+TSOZ5v9Quz5r3AtxDyeAQ="],"block_size":4096,"path":"icons/32-restricted.png"},{"block_hashes":["U7QpyRQUvuP+JVMoAp7/UT8XL//EH9Y9laqttpfOcaU="],"block_size":4096,"path":"icons/32-unminified.png"},{"block_hashes":["VGwCYKtaA8MHXpJ4lWAZIUu2Qz3iZsb5W3AhwBFQcOI="],"block_size":4096,"path":"icons/48-deadcode.png"},{"block_hashes":["VGwCYKtaA8MHXpJ4lWAZIUu2Qz3iZsb5W3AhwBFQcOI="],"block_size":4096,"path":"icons/48-development.png"},{"block_hashes":["1Gy4Tf3XabpP8GUTyrhsjjXdO1xITNoLrUvwFottOlA="],"block_size":4096,"path":"icons/48-outdated.png"},{"block_hashes":["Dd/yFREj4CLgB+CVdqawMMOAIdD//HVG8MmhuFKYE+I="],"block_size":4096,"path":"icons/48-restricted.png"},{"block_hashes":["VGwCYKtaA8MHXpJ4lWAZIUu2Qz3iZsb5W3AhwBFQcOI="],"block_size":4096,"path":"icons/48-unminified.png"},{"block_hashes":["rMZnMyVDzUkQl7KB/TW9Sb9DV2jUyyq49Xl0AHJ1YxM="],"block_size":4096,"path":"icons/deadcode.svg"},{"block_hashes":["rMZnMyVDzUkQl7KB/TW9Sb9DV2jUyyq49Xl0AHJ1YxM="],"block_size":4096,"path":"icons/development.svg"},{"block_hashes":["J5MQwt/ocfP2qHXvPVz7iSLTf67rnBJ+wxKu6+HFHNM="],"block_size":4096,"path":"icons/disabled.svg"},{"block_hashes":["193k33vjSLNB1NgMqH4i+R76axGyy+UmUTSIbhZvSJI="],"block_size":4096,"path":"icons/outdated.svg"},{"block_hashes":["EPxpqHAOHG9pQKG1rXzTIfcvq/jMF1SLQGx5oTdbaP8="],"block_size":4096,"path":"icons/production.svg"},{"block_hashes":["J5MQwt/ocfP2qHXvPVz7iSLTf67rnBJ+wxKu6+HFHNM="],"block_size":4096,"path":"icons/restricted.svg"},{"block_hashes":["s79DjXDmvx7mgrHVMrjhwrg4Y7IF2wbnQLDruCKhTYM="],"block_size":4096,"path":"main.html"},{"block_hashes":["S06nv2+56atDrfIZpa0+qiXN3ELqrA/jvkt5Qxw19lA="],"block_size":4096,"path":"panel.html"},{"block_hashes":["aRZLv2a5+t3+dP3SN+oWRQIJpIoOj7+ObR5tajF/YZ0="],"block_size":4096,"path":"popups/deadcode.html"},{"block_hashes":["dlZ5ajWAp8HCj6VXlOpkAhlHyFrrhXVyDZjTwJkikDE="],"block_size":4096,"path":"popups/development.html"},{"block_hashes":["gg5WTBEgzTKszCrL2w3smrNJVpEf/7pypM53cfxI/Uw="],"block_size":4096,"path":"popups/disabled.html"},{"block_hashes":["ZXrhBSzGALVF2Up4BNGiwQ1jNpzkXfIM88SDVzZqwHc="],"block_size":4096,"path":"popups/outdated.html"},{"block_hashes":["QFaMamssrmNNY0Wfk5Y8Oh61CPlvKite7EVkObOkpVI="],"block_size":4096,"path":"popups/production.html"},{"block_hashes":["9vPVPwXoVyO2hby5xPbdXsAlIJZEP4VRXdflo6CNyT4="],"block_size":4096,"path":"popups/restricted.html"},{"block_hashes":["mTY8h5u/dYe2svSwZ9N3EWofNG8CeEadlqYl7Xj51Cw="],"block_size":4096,"path":"popups/shared.css"},{"block_hashes":["4Abn9cgCDvm+PwdZ00yc9RTRi/4/E3Ep7x2vy5Ad4ko="],"block_size":4096,"path":"popups/shared.js"},{"block_hashes":["U81VVO+hypIRp4QRTMMsqIvTNj4yuYy7UtsaKY/Hi1s="],"block_size":4096,"path":"popups/unminified.html"}],"version":2}